customer_state,total_payment_value,total_freight,total_weight_g,total_volume_cm3,principal_category_by_price,principal_seller_state_by_price,purchase_year,facturacion_promedio_t1,facturacion_mediana_t1,facturacion_std_t1,facturacion_total_7d_avg,dias_entrega_promedio_7d_avg,dias_entrega_promedio_t2,dias_entrega_promedio_prev_month,es_post_domingo_festivo,es_diciembre,es_fin_de_semana_extendido,distancia_km,distancia_total_t1,distancia_total_prev_month,delivery_days
RJ,125.43,15.53,700.0,4650.0,b'brinquedos',SP,2017,145.587227,105.38,124.665594,37111.531429,10.920741,11.415686,11.723562,0,1,1,363.934595,7301.300601,343480.138209,11.0
SP,82.33,12.43,2600.0,15000.0,b'moveis_decoracao',SP,2018,177.759936,101.965,318.188102,43288.224286,16.61353,14.788043,14.949342,0,0,1,29.146433,16646.356044,390767.341004,5.0
SP,48.74,11.74,500.0,2508.0,b'moveis_decoracao',SP,2017,155.509587,91.07,210.126225,10991.042857,11.711387,11.716418,9.861342,0,0,0,81.493915,2713.733708,100733.911078,12.0
RJ,34.0,15.1,300.0,4800.0,b'cama_mesa_banho',SP,2017,132.01645,97.78,123.679278,19588.845714,10.658581,10.728261,10.36886,0,0,0,581.191124,10812.168739,254990.21744,12.0
SP,44.0,15.1,375.0,528.0,b'beleza_saude',RJ,2018,133.932899,103.07,128.840126,30537.261429,18.114019,13.868726,13.715038,0,0,1,431.392964,8888.905212,455464.133916,9.0
RJ,217.88,8.88,50.0,5625.0,b'beleza_saude',RJ,2018,271.335714,129.79,342.191097,25554.294286,9.961427,8.637931,11.552505,0,0,0,12.902824,0.0,488209.852444,1.0
SP,198.92,24.02,2550.0,23400.0,b'moveis_decoracao',PR,2018,161.17401,114.32,183.900492,9708.411429,9.786184,10.6,11.552505,0,0,1,732.066591,15375.492958,488209.852444,11.0
SP,62.61,13.71,900.0,23625.0,b'cama_mesa_banho',SP,2018,160.886411,96.225,188.980103,42481.727143,16.553122,17.215094,14.949342,0,0,1,278.457551,21744.63958,390767.341004,11.0
RJ,69.48,15.48,250.0,352.0,b'relogios_presentes',SP,2018,161.304949,101.495,217.304079,47105.684286,8.663476,8.262987,9.806023,0,0,1,363.209298,29600.962713,424423.205949,5.0
RJ,61.4,18.4,150.0,5832.0,b'esporte_lazer',SP,2018,182.363333,197.58,145.941184,42215.187143,7.725264,5.880435,9.806023,1,0,0,288.220907,14192.500276,424423.205949,7.0
SP,67.39,7.39,200.0,1960.0,b'esporte_lazer',SP,2018,163.708112,114.53,173.090469,41758.151429,16.571688,22.727273,14.949342,0,0,0,90.058405,21853.408932,390767.341004,2.0
SP,114.91,15.01,1400.0,3500.0,b'cama_mesa_banho',SP,2018,140.598539,97.61,128.845656,38148.704286,11.068843,7.298361,9.806023,0,0,1,293.390497,2861.22881,424423.205949,8.0
SP,63.34,9.34,750.0,10075.0,b'brinquedos',SP,2018,150.976151,104.975,226.284798,34334.654286,14.691213,14.048193,14.586934,0,0,1,10.65471,14637.40666,421109.470293,9.0
SP,104.3,54.8,1500.0,4400.0,b'moveis_decoracao',SP,2017,0.0,0.0,0.0,0.0,0.0,0.0,0.0,1,0,0,143.193065,0.0,0.0,7.0
SP,25.03,15.23,67.0,3570.0,b'beleza_saude',RJ,2018,142.808909,102.05,120.419847,36148.887143,17.417759,13.025907,16.552935,1,0,0,357.63273,8617.038965,471112.176282,4.0
RJ,83.23,14.23,107.0,490.0,b'informatica_acessorios',MG,2017,146.611981,98.19,167.518805,22352.051429,10.370174,12.121212,10.36886,0,0,0,349.15502,10356.493169,254990.21744,5.0
SP,150.59,53.3,4850.0,101602.0,b'moveis_decoracao',SP,2017,196.174615,96.94,216.190891,22882.27,11.627508,10.918919,13.725249,1,0,0,118.429523,11356.680854,117455.248491,6.0
SP,85.81,7.81,250.0,640.0,b'relogios_presentes',SP,2018,179.0825,116.55,150.88685,39454.511429,10.063443,8.9375,13.721701,1,0,0,5.100609,5613.401541,481297.418576,2.0
SP,46.8,11.85,150.0,3564.0,b'informatica_acessorios',SP,2017,182.472391,99.825,300.998966,28462.505714,11.703354,10.242424,11.846389,0,0,1,284.686929,10830.692676,343516.704227,9.0
SP,53.11,15.11,725.0,5236.0,b'beleza_saude',PR,2017,0.0,0.0,0.0,0.0,0.0,0.0,0.0,1,0,0,311.966283,5980.905203,254990.21744,8.0
SP,113.96,14.06,1000.0,4800.0,b'cama_mesa_banho',SP,2018,182.696302,115.555,227.349653,21043.361429,15.372546,11.162162,13.721701,0,0,0,317.555573,27082.710469,481297.418576,10.0
RJ,87.9,18.0,1100.0,12600.0,b'moveis_decoracao',SP,2017,133.161111,146.01,89.382178,3357.971667,7.457088,7.387097,51.5,0,0,1,559.364447,0.0,0.0,9.0
RJ,64.93,17.6,1400.0,352.0,b'esporte_lazer',SP,2017,126.495,107.48,94.892205,30153.948571,10.910082,10.026087,11.846389,1,0,0,439.542313,8146.368744,343516.704227,8.0
SP,69.73,12.74,850.0,18000.0,b'cama_mesa_banho',SP,2018,157.307835,98.215,206.77057,33355.728571,13.480949,12.454545,13.715038,0,0,0,395.619341,18229.620423,455464.133916,8.0
RJ,35.0,15.1,300.0,8000.0,b'informatica_acessorios',SP,2017,92.646667,80.52,42.498052,19107.818571,10.490189,9.785714,10.36886,1,0,0,392.94361,5209.893061,254990.21744,7.0
SP,49.24,9.34,725.0,7220.0,b'moveis_decoracao',SP,2017,349.7,349.7,0.0,19152.062857,9.758299,10.592593,12.847377,1,0,0,53.894337,8470.388675,250658.264608,2.0
SP,76.94,11.95,450.0,1280.0,b'informatica_acessorios',SP,2017,175.013091,101.48,253.855095,25481.274286,10.944267,13.0,11.886244,0,0,0,195.244361,13964.010971,291113.407386,7.0
SP,277.75,8.75,400.0,2244.0,b'relogios_presentes',SP,2018,161.165,111.87,189.13024,39478.931429,17.635127,12.909535,16.552935,0,0,1,32.215539,21860.252841,471112.176282,3.0
SP,258.51,8.61,363.0,3042.0,b'relogios_presentes',SP,2018,187.10192,117.79,258.923166,48305.822857,12.079549,11.576037,16.552935,0,0,0,86.330014,30623.818403,471112.176282,16.0
RJ,199.0,0.0,342.0,3510.0,b'relogios_presentes',SP,2018,158.103204,107.22,184.926288,42312.411429,14.670045,12.788991,14.949342,0,0,1,714.587714,20021.585537,390767.341004,17.0
SP,180.79,11.81,1250.0,6050.0,b'cama_mesa_banho',SP,2018,187.10192,117.79,258.923166,48305.822857,12.079549,11.576037,16.552935,0,0,0,59.283155,30623.818403,471112.176282,19.0
SP,36.78,7.78,200.0,352.0,b'relogios_presentes',SP,2017,132.01645,97.78,123.679278,19588.845714,10.658581,10.728261,10.36886,0,0,0,16.965859,10812.168739,254990.21744,6.0
RJ,75.07,15.17,350.0,25200.0,b'cama_mesa_banho',SP,2017,154.575291,98.04,181.260964,19495.361429,10.043422,9.536723,10.36886,0,0,1,775.367896,8586.108767,254990.21744,16.0
SP,332.3,32.4,10975.0,95220.0,b'utilidades_domesticas',SP,2018,164.892615,107.195,201.509964,26596.825,16.622559,13.612613,15.685915,0,0,1,29.107222,3807.888871,350875.393133,4.0
SP,88.76,13.86,167.0,3276.0,b'informatica_acessorios',PR,2018,150.651993,112.535,148.282412,37537.504286,9.838063,10.022727,13.721701,0,0,0,424.986393,16495.951326,481297.418576,9.0
SP,297.2,9.2,4450.0,10672.0,b'utilidades_domesticas',SP,2018,159.399771,103.555,259.86157,47282.015714,15.044324,13.837758,14.949342,0,0,1,152.87008,18708.390092,390767.341004,8.0
SP,359.6,9.7,753.0,6188.0,b'brinquedos',SP,2018,134.780767,104.59,121.482496,22043.92,15.955734,0.0,15.685915,0,0,0,18.091148,28866.393802,350875.393133,4.0
SP,28.91,7.41,300.0,6552.0,b'moveis_decoracao',SP,2018,138.530591,95.6,148.197692,32871.54,9.871739,8.802198,11.552505,0,0,1,21.55991,18888.717244,488209.852444,7.0
RJ,176.56,21.57,2700.0,24192.0,b'cama_mesa_banho',SP,2017,160.815,89.84,307.091371,22246.131667,10.294109,10.062827,10.36886,0,0,1,575.928346,1598.975314,254990.21744,17.0
RJ,106.9,0.0,584.0,2288.0,b'relogios_presentes',SP,2018,201.745204,110.875,361.010824,42575.537143,16.859029,14.101227,14.949342,1,0,1,562.775799,1165.502251,390767.341004,19.0
SP,113.62,13.72,1050.0,14440.0,b'cama_mesa_banho',SP,2018,136.765915,101.56,126.629519,28296.715714,20.789405,27.423077,13.715038,0,0,0,116.869511,17579.308118,455464.133916,6.0
SP,42.68,7.78,250.0,5208.0,b'moveis_decoracao',SP,2017,139.116222,97.78,154.974206,17832.332857,9.471597,9.729927,12.847377,0,0,1,112.435492,6453.512323,250658.264608,4.0
SP,69.7,14.7,1400.0,1500.0,b'cama_mesa_banho',SP,2018,148.815448,107.935,160.406105,39818.875714,11.193024,9.188272,13.721701,0,0,1,68.253218,19000.212011,481297.418576,4.0
SP,116.04,38.07,1700.0,15360.0,b'cama_mesa_banho',SP,2017,163.787027,96.93,176.903978,19735.711429,10.132466,10.412791,10.36886,0,0,1,142.123237,423.279354,254990.21744,3.0
RJ,518.77,25.77,5350.0,5100.0,b'beleza_saude',SP,2017,111.890769,91.66,107.145481,22598.834286,10.860524,10.043478,11.886244,1,0,0,347.706741,4025.883311,291113.407386,15.0
SP,136.9,11.9,2000.0,18000.0,b'moveis_decoracao',SP,2018,161.5075,176.31,34.12653,42706.118571,11.312918,7.980952,11.552505,1,0,0,71.750579,9939.414701,488209.852444,2.0
SP,83.5,23.7,1200.0,48000.0,b'moveis_decoracao',SP,2017,152.045871,92.67,217.085211,26233.63,11.833202,11.265306,11.846389,0,0,1,149.223175,15763.012739,343516.704227,6.0
SP,220.04,15.04,3300.0,54000.0,b'cama_mesa_banho',SP,2017,95.77,95.77,0.0,18923.077143,10.658046,7.84375,10.36886,1,0,0,19.998158,4053.775857,254990.21744,10.0
SP,42.77,12.87,250.0,1200.0,b'beleza_saude',SP,2018,183.830466,112.61,316.135736,42949.447143,11.135274,8.755556,9.806023,0,0,0,348.061253,16157.10594,424423.205949,6.0
SP,312.39,62.49,14600.0,56448.0,b'moveis_decoracao',MG,2017,75.506,77.65,36.338078,16028.504286,10.628528,11.44,11.140125,1,0,0,540.083507,3074.972806,204408.639154,17.0
SP,126.9,27.0,2500.0,12000.0,b'moveis_decoracao',PR,2018,163.848397,113.585,212.072677,40895.157143,11.637926,10.354467,13.721701,0,0,0,546.011765,24067.293641,481297.418576,5.0
SP,119.02,9.12,400.0,5832.0,b'esporte_lazer',SP,2018,184.891053,125.33,119.382388,49571.878571,10.840104,8.741071,16.552935,1,0,0,29.02991,11391.747498,471112.176282,2.0
SP,74.49,14.59,400.0,1785.0,b'informatica_acessorios',MG,2017,136.964118,99.67,119.15174,8412.7,9.378658,8.985294,7.389867,0,0,0,339.466748,3796.148965,26973.463786,6.0
SP,254.42,16.42,291.0,2112.0,b'relogios_presentes',PR,2017,176.045763,105.955,251.979372,11650.091429,14.005053,12.966667,13.725249,0,0,1,332.590508,2341.402447,117455.248491,5.0
SP,1036.83,24.97,4750.0,11880.0,b'informatica_acessorios',SP,2017,149.773496,106.83,164.994885,32158.368571,10.688338,8.804348,11.846389,0,0,0,302.614904,22102.810093,343516.704227,16.0
SP,96.41,56.61,1875.0,77400.0,b'utilidades_domesticas',SP,2018,157.501765,105.94,207.759447,44006.947143,7.686666,6.666667,9.806023,0,0,0,61.440951,32804.760617,424423.205949,2.0
SP,254.24,14.34,357.0,3264.0,b'relogios_presentes',SP,2018,156.955534,99.65,233.737464,40317.415714,11.137556,9.174419,9.806023,0,0,1,303.556819,20767.3481,424423.205949,7.0
SP,97.35,17.37,7480.0,66144.0,b'moveis_decoracao',SP,2018,162.718209,101.93,213.356731,30400.574286,15.547201,18.153846,14.586934,0,0,0,149.535418,15300.230965,421109.470293,16.0
SP,66.91,11.41,1717.0,6936.0,b'beleza_saude',SP,2018,324.7725,131.8,533.231757,32102.127143,9.449076,6.779221,11.552505,1,0,0,7.790368,5310.948048,488209.852444,3.0
SP,106.91,13.67,1375.0,3960.0,b'cama_mesa_banho',SP,2017,154.800058,101.25,218.899729,19871.62,10.783298,11.588517,10.36886,0,0,0,292.135142,6958.571248,254990.21744,8.0
RJ,81.06,15.56,1025.0,8280.0,b'beleza_saude',SP,2018,158.84,110.25,141.726222,39482.74,11.1313,8.085821,13.721701,0,0,1,330.569764,2483.507838,481297.418576,4.0
SP,42.86,12.87,300.0,4800.0,b'esporte_lazer',SP,2018,173.030888,108.42,329.901526,32466.704286,9.801612,8.265823,11.552505,0,0,1,234.255088,16018.006486,488209.852444,5.0
SP,76.9,17.0,600.0,6156.0,b'utilidades_domesticas',SP,2018,165.984118,106.25,181.951401,36270.518571,14.704864,14.776786,15.685915,1,0,0,142.064558,9663.133325,350875.393133,1.0
SP,122.8,12.9,180.0,2210.0,b'informatica_acessorios',PR,2017,171.685393,104.965,208.343832,34017.224286,10.359448,9.852843,11.723562,0,1,1,536.495301,14589.250224,343480.138209,9.0
SP,189.08,27.98,1700.0,80000.0,b'beleza_saude',SP,2018,149.90125,111.185,161.433474,36980.851429,15.060769,15.177515,14.586934,0,0,1,9.454697,4771.10463,421109.470293,15.0
SP,32.69,12.79,200.0,2560.0,b'cama_mesa_banho',SP,2018,134.32,67.05,161.079081,44519.647143,12.567361,12.145455,16.552935,1,0,0,350.481146,13940.322722,471112.176282,8.0
SP,132.13,13.13,2250.0,10648.0,b'utilidades_domesticas',SP,2018,168.655023,116.83,237.448433,35075.228571,9.68397,8.741259,13.721701,0,0,0,117.147464,13782.963308,481297.418576,5.0
SP,56.78,8.88,800.0,8000.0,b'cama_mesa_banho',SP,2018,230.690588,110.08,498.661371,47643.954286,15.787153,14.149425,14.949342,1,0,0,37.120458,8548.243897,390767.341004,8.0
SP,83.58,12.84,600.0,16000.0,b'cama_mesa_banho',SP,2017,138.376522,120.09,105.934625,15564.477143,10.502691,9.182482,11.140125,0,0,1,311.052395,353.729592,204408.639154,8.0
SP,55.24,9.34,800.0,8000.0,b'cama_mesa_banho',SP,2018,134.780767,104.59,121.482496,22043.92,15.955734,0.0,15.685915,0,0,0,10.463982,28866.393802,350875.393133,4.0
RJ,100.7,15.8,1100.0,13600.0,b'moveis_decoracao',SP,2017,144.190952,114.79,130.2125,8619.47,12.18053,11.072165,9.861342,0,0,1,577.476939,591.043083,100733.911078,9.0
SP,39.75,11.85,400.0,4800.0,b'cama_mesa_banho',SP,2017,153.566371,90.375,200.706333,15894.89,10.745609,11.078947,11.140125,0,0,1,316.4648,8691.788472,204408.639154,9.0
SP,96.59,13.6,1125.0,39146.0,b'brinquedos',SP,2017,197.735714,105.87,291.102062,28566.915714,11.964622,11.409836,11.886244,1,0,0,135.054404,7050.706629,291113.407386,8.0
RJ,65.0,15.1,1100.0,29785.0,b'cama_mesa_banho',SP,2017,149.579891,99.78,169.356604,19249.514286,10.564151,11.666667,10.36886,0,0,0,482.835182,12025.603552,254990.21744,8.0
SP,158.45,13.45,335.0,2992.0,b'relogios_presentes',SP,2018,167.090285,110.8,193.039992,42911.002857,17.058724,42.25,16.552935,0,0,0,303.935441,18626.342185,471112.176282,12.0
SP,86.15,16.25,800.0,37800.0,b'esporte_lazer',MG,2017,145.634412,104.49,135.144399,22785.745714,10.849982,11.006757,11.02144,0,0,1,535.831573,10773.705897,304388.330097,14.0
SP,96.8,11.8,2700.0,27000.0,b'utilidades_domesticas',SP,2018,148.941639,101.25,147.380533,34321.814286,13.433079,14.378049,13.715038,0,0,0,94.843829,17768.186978,455464.133916,9.0
RJ,175.77,15.87,3200.0,23625.0,b'cama_mesa_banho',SP,2017,153.787256,105.575,223.387256,21768.088333,10.356619,10.948571,10.36886,0,0,1,545.774083,9973.860249,254990.21744,17.0
SP,288.53,17.53,2600.0,4096.0,b'esporte_lazer',SP,2017,166.872439,124.52,142.644563,20911.592857,13.335999,11.477987,13.725249,0,0,1,243.268317,1584.101569,117455.248491,4.0
SP,42.68,7.78,500.0,1408.0,b'beleza_saude',SP,2017,133.54451,97.08,139.564923,15678.452857,10.951708,8.181818,11.140125,0,0,0,51.038449,11643.171343,204408.639154,3.0
SP,117.75,13.75,1100.0,13068.0,b'esporte_lazer',SP,2017,175.94902,117.93,164.638874,26453.257143,11.15124,9.980769,11.886244,0,0,1,382.833798,2657.806505,291113.407386,7.0
SP,67.78,7.78,200.0,1960.0,b'esporte_lazer',SP,2018,159.175949,100.285,218.838038,36198.618571,14.846362,14.660256,15.685915,0,0,0,23.410324,20261.769786,350875.393133,1.0
SP,460.61,20.96,300.0,2700.0,b'beleza_saude',RJ,2018,152.625692,104.63,174.960127,41720.485714,14.101769,13.818182,13.721701,0,0,1,392.494308,25848.180947,481297.418576,6.0
SP,88.37,9.37,650.0,11520.0,b'beleza_saude',SP,2017,157.2011,101.73,193.32335,23539.061667,12.167756,11.763033,11.846389,0,0,0,106.314648,18037.25667,343516.704227,5.0
SP,84.49,13.52,3008.0,46080.0,b'brinquedos',SP,2017,139.82275,98.83,131.412715,37321.215714,10.210064,11.163009,11.723562,0,1,0,141.198077,26502.630735,343480.138209,15.0
SP,122.17,12.27,1975.0,16523.0,b'cama_mesa_banho',SP,2017,190.6905,92.06,248.921014,18763.231429,9.677419,10.067416,11.140125,0,0,1,280.665164,1027.07752,204408.639154,5.0
SP,53.68,7.78,150.0,2816.0,b'esporte_lazer',SP,2017,171.001906,105.33,239.716305,38678.341429,10.413725,11.026756,11.723562,0,1,1,25.924875,16866.037058,343480.138209,5.0
SP,31.77,7.78,100.0,4500.0,b'beleza_saude',SP,2018,157.10278,89.05,284.909702,32831.427143,18.671441,15.039427,13.715038,0,0,1,50.033861,7938.419007,455464.133916,6.0
SP,100.43,35.44,4300.0,101250.0,b'moveis_decoracao',SP,2017,151.945488,125.475,131.426613,11938.546667,11.270505,10.5375,7.389867,0,0,1,42.499661,3123.382313,26973.463786,17.0
SP,163.81,25.81,9950.0,58621.0,b'utilidades_domesticas',MG,2017,196.655961,104.85,291.813102,23629.967143,10.805324,10.747826,11.02144,0,0,0,251.000889,17460.041278,304388.330097,12.0
SP,88.71,8.72,600.0,1600.0,b'moveis_decoracao',SP,2018,104.07,104.07,0.0,8580.56,8.470916,7.61039,11.552505,1,0,0,105.568453,8704.073599,488209.852444,3.0
SP,190.01,10.01,175.0,8000.0,b'informatica_acessorios',SP,2018,139.781387,105.335,133.05942,34461.83,14.535784,13.891892,15.685915,0,0,0,10.659338,27659.508373,350875.393133,3.0
RJ,117.85,17.95,1100.0,11439.0,b'cama_mesa_banho',SP,2017,164.631064,105.57,202.295783,28120.974286,13.58895,10.943966,11.02144,0,0,0,585.13037,16916.427412,304388.330097,13.0
SP,22.75,11.85,200.0,8000.0,b'moveis_decoracao',SP,2018,152.63552,105.65,194.343337,33442.954286,19.473729,17.712538,13.715038,0,0,0,140.595825,12993.647155,455464.133916,19.0
SP,154.12,34.32,3500.0,24500.0,b'moveis_decoracao',MG,2017,174.883837,90.27,270.579621,13116.675714,13.357748,13.288288,11.572975,0,0,1,466.995036,5285.012304,176081.63596,11.0
SP,23.78,7.78,200.0,5000.0,b'beleza_saude',SP,2017,0.0,0.0,0.0,0.0,0.0,0.0,0.0,1,1,0,14.361158,7671.482249,343480.138209,1.0
SP,169.73,15.73,500.0,1280.0,b'relogios_presentes',SP,2017,136.972821,105.18,131.07187,19117.032857,10.703725,12.5,11.140125,0,0,0,9.393438,13246.903925,204408.639154,2.0
SP,53.58,7.58,100.0,1331.0,b'beleza_saude',SP,2018,168.655023,116.83,237.448433,35075.228571,9.68397,8.741259,13.721701,0,0,0,60.27612,13782.963308,481297.418576,5.0
SP,179.19,19.29,7474.0,62640.0,b'cama_mesa_banho',SP,2018,152.028,85.58,137.512752,17498.914286,9.541093,15.285714,11.552505,0,0,0,39.368182,984.641825,488209.852444,4.0
SP,91.05,12.05,200.0,4096.0,b'esporte_lazer',SP,2018,129.072222,101.905,127.159016,32818.134286,14.44109,14.62069,14.586934,1,0,0,234.748683,7789.75102,421109.470293,11.0
RJ,159.65,23.75,1350.0,4374.0,b'beleza_saude',SP,2018,158.336958,111.87,181.22245,41118.608571,7.509981,8.240223,11.552505,0,0,1,496.369798,20326.010712,488209.852444,10.0
SP,88.54,13.64,167.0,2640.0,b'informatica_acessorios',PR,2018,142.808909,102.05,120.419847,36148.887143,17.417759,13.025907,16.552935,1,0,0,537.255139,8617.038965,471112.176282,7.0
SP,102.03,12.13,1383.0,20000.0,b'cama_mesa_banho',SP,2017,124.893923,93.69,103.955895,17292.958571,14.361385,14.13986,13.725249,0,0,1,313.612878,8954.167807,117455.248491,9.0
SP,71.82,11.92,350.0,8000.0,b'esporte_lazer',SP,2017,161.018235,113.005,175.509645,20934.235714,11.035022,10.123223,10.36886,0,0,1,259.892911,1310.099646,254990.21744,2.0
SP,103.37,14.37,250.0,6000.0,b'utilidades_domesticas',PR,2018,285.14,285.14,0.0,28466.845714,16.413277,20.4,13.715038,1,0,0,338.712309,14.977141,455464.133916,10.0
SP,34.17,9.27,600.0,1428.0,b'utilidades_domesticas',SP,2017,154.800058,101.25,218.899729,19871.62,10.783298,11.588517,10.36886,0,0,0,76.322603,6958.571248,254990.21744,1.0
SP,257.15,18.15,3300.0,8712.0,b'moveis_decoracao',MG,2017,182.472391,99.825,300.998966,28462.505714,11.703354,10.242424,11.846389,0,0,1,145.566667,10830.692676,343516.704227,17.0
SP,89.27,9.37,700.0,6000.0,b'utilidades_domesticas',SP,2017,140.122045,112.91,112.317913,24056.81,13.468197,9.273885,11.02144,0,0,1,15.272517,989.037405,304388.330097,7.0
SP,29.75,11.85,300.0,9600.0,b'moveis_decoracao',SP,2017,172.227692,118.93,141.252648,26261.043333,11.595447,10.063218,11.846389,0,0,1,198.864508,1690.100025,343516.704227,11.0
SP,82.33,12.43,2600.0,15000.0,b'moveis_decoracao',SP,2018,211.847647,160.14,210.419599,36035.785714,14.989747,13.3,14.586934,1,0,0,17.115642,7021.780009,421109.470293,6.0
RJ,577.92,98.02,5400.0,40320.0,b'brinquedos',SP,2017,158.053911,102.305,174.920883,32450.058571,10.548577,11.257813,11.846389,0,0,0,310.042563,12662.738601,343516.704227,20.0
SP,58.59,12.69,600.0,1800.0,b'moveis_decoracao',SP,2017,161.075743,102.55,187.53191,23385.621429,10.74897,11.561576,11.02144,0,0,0,300.307921,17622.192519,304388.330097,12.0
SP,80.11,10.21,950.0,23625.0,b'cama_mesa_banho',SP,2018,156.299831,109.38,187.703964,47349.655714,10.564134,10.473318,16.552935,0,0,0,326.808162,23543.879655,471112.176282,14.0
SP,87.43,12.43,2550.0,31500.0,b'moveis_decoracao',SP,2018,149.90125,111.185,161.433474,36980.851429,15.060769,15.177515,14.586934,0,0,1,57.129298,4771.10463,421109.470293,15.0
SP,223.14,18.14,9750.0,12600.0,b'cama_mesa_banho',SP,2017,157.006923,97.9,305.147476,17777.727143,11.923112,12.414966,12.847377,0,0,0,204.889965,6638.448098,250658.264608,6.0
SP,96.72,12.72,180.0,2210.0,b'informatica_acessorios',PR,2018,139.781387,105.335,133.05942,34461.83,14.535784,13.891892,15.685915,0,0,0,488.109876,27659.508373,350875.393133,17.0
SP,117.96,7.64,150.0,990.0,b'beleza_saude',SP,2018,184.891053,125.33,119.382388,49571.878571,10.840104,8.741071,16.552935,1,0,0,102.239227,11391.747498,471112.176282,3.0
SP,32.7,12.8,250.0,4800.0,b'cama_mesa_banho',SP,2018,156.955534,99.65,233.737464,40317.415714,11.137556,9.174419,9.806023,0,0,1,310.899448,20767.3481,424423.205949,5.0
SP,71.65,15.15,488.0,4624.0,b'esporte_lazer',PR,2018,151.033594,105.72,150.477058,29430.051429,15.750398,14.960714,13.715038,0,0,0,405.001008,16469.641876,455464.133916,11.0
SP,143.86,24.96,3600.0,6336.0,b'esporte_lazer',SP,2018,134.780767,104.59,121.482496,22043.92,15.955734,0.0,15.685915,0,0,0,85.5867,28866.393802,350875.393133,9.0
SP,21.27,13.47,133.0,2688.0,b'beleza_saude',PR,2018,158.525013,108.87,195.231916,47510.038571,8.647194,11.5,9.806023,0,0,0,467.610875,32515.505354,424423.205949,5.0
RJ,52.83,18.34,200.0,1840.0,b'esporte_lazer',SP,2018,98.033333,111.52,47.498752,34814.592857,9.487977,8.650602,11.552505,1,0,0,381.843891,4514.490619,488209.852444,7.0
RJ,367.2,18.2,500.0,2112.0,b'beleza_saude',MG,2018,157.307835,98.215,206.77057,33355.728571,13.480949,12.454545,13.715038,0,0,0,394.654356,18229.620423,455464.133916,14.0
RJ,39.09,15.1,100.0,4500.0,b'beleza_saude',SP,2017,181.100533,109.07,238.857463,19199.335714,10.602137,11.106509,10.36886,0,0,1,489.094953,7929.721517,254990.21744,6.0
RJ,85.15,15.25,700.0,7072.0,b'moveis_decoracao',SP,2017,154.575291,98.04,181.260964,19495.361429,10.043422,9.536723,10.36886,0,0,1,367.679318,8586.108767,254990.21744,17.0
SP,51.93,12.93,250.0,640.0,b'relogios_presentes',SP,2018,159.804674,114.61,160.473001,42354.661429,8.772883,7.612536,9.806023,0,0,1,295.364606,7028.108538,424423.205949,3.0
RJ,51.32,18.33,400.0,2880.0,b'brinquedos',SP,2018,156.955534,99.65,233.737464,40317.415714,11.137556,9.174419,9.806023,0,0,1,323.826455,20767.3481,424423.205949,9.0
SP,17.29,7.39,300.0,1020.0,b'brinquedos',SP,2018,168.3265,150.735,115.446445,40900.99,14.685832,13.669291,16.552935,1,0,0,92.04517,10557.017172,471112.176282,3.0
RJ,241.93,22.03,4250.0,13800.0,b'cama_mesa_banho',SP,2017,177.796267,106.16,277.977632,23304.957143,11.806908,13.0,11.846389,0,0,0,567.694532,16648.603912,343516.704227,17.0
SP,367.11,17.21,900.0,11400.0,b'beleza_saude',PR,2017,161.075743,102.55,187.53191,23385.621429,10.74897,11.561576,11.02144,0,0,0,345.067547,17622.192519,304388.330097,5.0
RJ,219.78,35.78,3100.0,41888.0,b'cama_mesa_banho',SP,2018,130.91069,117.75,90.170709,35017.491429,12.81893,12.327434,15.685915,1,0,0,471.96106,9135.602156,350875.393133,14.0
RJ,86.15,16.25,800.0,23625.0,b'cama_mesa_banho',SP,2017,184.298643,105.37,295.904466,24362.647143,13.283123,11.373874,11.886244,0,0,0,680.765823,11583.701444,291113.407386,20.0
SP,148.86,13.96,1800.0,14440.0,b'cama_mesa_banho',SP,2017,171.685393,104.965,208.343832,34017.224286,10.359448,9.852843,11.723562,0,1,1,152.12874,14589.250224,343480.138209,4.0
SP,60.39,7.39,250.0,7680.0,b'esporte_lazer',SP,2018,150.556774,99.42,173.179082,34290.918571,14.711507,16.151515,14.949342,0,0,1,54.349438,2450.51624,390767.341004,3.0
SP,90.37,19.47,800.0,5290.0,b'utilidades_domesticas',MG,2018,185.885575,113.105,276.575596,46575.305714,16.717826,15.141026,14.949342,0,0,1,345.981795,4412.298518,390767.341004,9.0
SP,182.54,56.55,21600.0,150000.0,b'brinquedos',SP,2017,148.204151,107.87,128.529775,20649.562857,12.59306,9.490446,11.02144,0,0,1,133.654536,12217.4063,304388.330097,4.0
SP,89.91,7.92,207.0,2652.0,b'informatica_acessorios',SP,2018,156.931203,94.3,169.495961,32145.375714,15.695483,14.354167,14.586934,0,0,1,79.400991,4736.805583,421109.470293,5.0
SP,28.2,8.3,300.0,3795.0,b'cama_mesa_banho',SP,2018,180.801136,106.52,258.715647,46441.64,8.689855,8.918421,9.806023,0,0,0,11.450377,21337.548206,424423.205949,4.0
RJ,33.09,14.1,200.0,1760.0,b'esporte_lazer',SP,2017,175.459024,98.7,374.896912,20454.755714,12.193854,11.572052,11.846389,0,0,1,324.81132,837.868753,343516.704227,16.0
SP,83.11,14.21,1800.0,5712.0,b'moveis_decoracao',MG,2017,478.463333,129.21,649.521715,18141.204286,12.584416,12.02439,11.02144,1,0,0,130.96947,4091.027334,304388.330097,2.0
SP,32.13,18.23,350.0,3960.0,b'utilidades_domesticas',MG,2018,158.84,110.25,141.726222,39482.74,11.1313,8.085821,13.721701,0,0,1,423.868544,2483.507838,481297.418576,5.0
SP,152.72,18.52,1450.0,21320.0,b'beleza_saude',RJ,2018,160.049517,114.395,195.944297,46846.021429,15.722602,15.735294,14.949342,0,0,0,340.351223,27493.809219,390767.341004,7.0
SP,128.67,15.67,17175.0,3588.0,b'relogios_presentes',PR,2018,153.10701,112.68,216.395169,20696.755714,15.781635,13.465517,16.552935,0,0,0,312.735875,4809.754168,471112.176282,9.0
SP,40.95,10.96,100.0,1344.0,b'informatica_acessorios',SP,2017,142.58125,101.825,132.708429,15159.335714,11.035853,10.692982,9.861342,0,0,1,14.203705,6712.188108,100733.911078,11.0
SP,114.09,14.99,850.0,7425.0,b'informatica_acessorios',PR,2018,110.335,104.665,70.296459,12183.504286,9.868565,6.4,11.552505,0,0,1,532.28431,4262.101729,488209.852444,7.0
SP,52.29,7.39,200.0,2640.0,b'brinquedos',SP,2018,179.296989,99.215,259.708871,37844.802857,16.67118,18.518519,14.949342,0,0,0,21.69136,20423.937563,390767.341004,4.0
RJ,278.69,19.69,269.0,2431.0,b'relogios_presentes',SP,2018,151.489145,106.78,181.260866,47235.041429,15.180389,15.014528,14.949342,0,0,1,531.184967,20584.16602,390767.341004,11.0
SP,138.54,23.34,2550.0,30000.0,b'moveis_decoracao',SP,2017,79.225,79.225,26.382154,20943.19,12.749307,9.029412,10.36886,1,0,0,8.096941,6998.501662,254990.21744,1.0
RJ,121.68,21.78,6950.0,36750.0,b'utilidades_domesticas',SP,2018,158.87925,96.3,233.820394,36358.02,11.197563,10.570175,16.552935,0,0,1,340.025558,4537.639416,471112.176282,17.0
SP,311.18,11.19,1075.0,6188.0,b'beleza_saude',SP,2017,153.83,105.38,164.127995,19604.987143,11.178544,10.179487,12.847377,0,0,1,85.553682,7279.437043,250658.264608,11.0
SP,92.55,15.65,2550.0,6600.0,b'informatica_acessorios',SP,2017,164.23039,123.04,157.972251,10216.488571,8.770469,9.883721,7.389867,0,0,1,137.853943,7138.215934,26973.463786,8.0
SP,83.76,8.27,100.0,4368.0,b'beleza_saude',SP,2017,175.94902,117.93,164.638874,26453.257143,11.15124,9.980769,11.886244,0,0,1,51.015078,2657.806505,291113.407386,1.0
SP,785.24,99.84,2010.0,23246.0,b'informatica_acessorios',SP,2018,152.005455,100.75,191.175299,36482.981429,14.848793,14.470588,14.586934,0,0,0,86.252037,16441.681686,421109.470293,7.0
SP,178.67,8.77,250.0,1936.0,b'relogios_presentes',SP,2017,210.194207,109.58,569.639556,19312.408571,9.615022,4.0,12.847377,0,0,0,156.417176,9792.951707,250658.264608,5.0
SP,31.59,11.85,75.0,5916.0,b'informatica_acessorios',SP,2017,169.718148,143.12,187.171627,19466.43,11.131926,11.42446,12.847377,0,0,1,252.041737,0.0,250658.264608,7.0
SP,79.72,13.82,675.0,25200.0,b'cama_mesa_banho',SP,2018,211.847647,160.14,210.419599,36035.785714,14.989747,13.3,14.586934,1,0,0,314.922639,7021.780009,421109.470293,9.0
SP,142.26,9.26,584.0,2288.0,b'relogios_presentes',SP,2017,149.773496,106.83,164.994885,32158.368571,10.688338,8.804348,11.846389,0,0,0,298.280013,22102.810093,343516.704227,13.0
RJ,97.71,17.81,1720.0,7410.0,b'utilidades_domesticas',SP,2017,198.824375,119.47,235.820734,19991.045714,12.304091,12.015707,11.846389,1,0,0,685.690543,5458.01457,343516.704227,19.0
SP,116.85,16.95,13350.0,8000.0,b'cama_mesa_banho',MG,2017,150.977421,105.37,174.569529,25622.235714,13.622736,11.401235,11.02144,0,0,1,507.640153,10504.001707,304388.330097,10.0
SP,132.03,12.04,887.0,13200.0,b'brinquedos',SP,2017,149.232461,101.34,175.663047,41204.515714,14.310205,16.147132,11.723562,0,1,0,100.142814,13016.615942,343480.138209,5.0
SP,56.29,12.79,100.0,3861.0,b'informatica_acessorios',SP,2018,164.930623,102.53,194.374517,44901.941429,16.016806,16.722388,14.949342,0,0,0,325.6016,14537.171378,390767.341004,9.0
SP,199.0,0.0,342.0,3510.0,b'relogios_presentes',SP,2018,161.165,111.87,189.13024,39478.931429,17.635127,12.909535,16.552935,0,0,1,298.196938,21860.252841,471112.176282,18.0
SP,29.41,7.41,250.0,15625.0,b'utilidades_domesticas',SP,2018,169.267778,78.93,196.426997,38274.044286,8.890272,7.752809,9.806023,1,0,0,92.236749,9749.84977,424423.205949,6.0
SP,634.62,18.62,850.0,3315.0,b'relogios_presentes',SP,2018,123.496,82.665,96.343665,45807.75,14.311568,15.68932,13.721701,1,0,0,292.142055,9339.364683,481297.418576,14.0
SP,136.83,18.93,325.0,6900.0,b'relogios_presentes',MG,2018,176.900658,119.26,255.117771,47839.962857,8.721561,9.6743,9.806023,0,0,0,357.197944,19932.515892,424423.205949,3.0
SP,37.69,7.79,250.0,1200.0,b'beleza_saude',SP,2018,200.668375,113.11,297.011044,39235.857143,12.129444,11.695817,13.721701,0,0,1,142.063154,16327.41521,481297.418576,4.0
SP,164.1,54.2,21500.0,142100.0,b'cama_mesa_banho',SP,2017,196.655961,104.85,291.813102,23629.967143,10.805324,10.747826,11.02144,0,0,0,298.301956,17460.041278,304388.330097,5.0
SP,518.72,34.9,1850.0,15148.0,b'informatica_acessorios',MG,2017,171.650171,111.02,204.013029,22602.584286,11.85334,13.208333,11.886244,0,0,1,462.753429,15778.814035,291113.407386,6.0
SP,183.1,14.2,667.0,10260.0,b'informatica_acessorios',PR,2017,121.939714,105.39,95.447285,21284.347143,11.344009,11.215686,11.886244,1,0,0,536.14382,4663.512374,291113.407386,7.0
SP,299.24,19.25,4850.0,21285.0,b'cama_mesa_banho',SP,2017,172.851111,107.27,278.546416,11951.588571,11.002559,11.24,9.861342,0,0,0,216.706859,9237.5377,100733.911078,8.0
SP,62.78,12.79,250.0,2415.0,b'beleza_saude',SP,2018,283.392727,224.97,248.263511,42382.82,17.066374,17.132653,14.949342,1,0,0,136.511454,7407.26039,390767.341004,9.0
SP,59.68,12.69,700.0,48000.0,b'moveis_decoracao',SP,2017,150.137486,107.78,163.713417,21492.578333,10.224528,10.427746,10.36886,0,0,0,296.193923,11560.640222,254990.21744,6.0
RJ,109.72,19.82,2200.0,26400.0,b'moveis_decoracao',SP,2018,188.087573,108.53,230.445267,48617.692857,7.75761,8.315104,9.806023,0,0,1,385.152019,5565.531973,424423.205949,8.0
SP,68.98,26.98,350.0,4356.0,b'beleza_saude',PR,2018,174.49672,112.65,234.242534,45927.521429,7.647275,8.280543,9.806023,0,0,0,462.995982,26034.034785,424423.205949,5.0
SP,297.72,27.92,4400.0,15232.0,b'cama_mesa_banho',SP,2017,154.921742,105.28,231.634895,19758.335714,12.431678,10.301887,11.02144,0,0,1,131.170187,9102.094345,304388.330097,11.0
RJ,113.42,23.43,1400.0,2560.0,b'cama_mesa_banho',SP,2018,162.896181,112.835,211.741374,43688.142857,13.68068,10.35,13.721701,0,0,0,585.300896,20885.474722,481297.418576,8.0
SP,113.27,14.27,950.0,13377.0,b'cama_mesa_banho',SP,2018,162.296117,106.34,179.038073,35444.298571,9.866731,9.460976,11.552505,0,0,0,247.355812,18584.084399,488209.852444,7.0
SP,89.91,10.01,1825.0,20944.0,b'cama_mesa_banho',SP,2018,158.87925,96.3,233.820394,36358.02,11.197563,10.570175,16.552935,0,0,1,317.33257,4537.639416,471112.176282,12.0
SP,67.29,7.39,150.0,2816.0,b'esporte_lazer',SP,2018,151.489145,106.78,181.260866,47235.041429,15.180389,15.014528,14.949342,0,0,1,5.592505,20584.16602,390767.341004,4.0
SP,986.69,171.0,5865.0,57732.0,b'informatica_acessorios',MG,2017,160.779259,102.865,200.972306,21303.184286,13.334704,19.2,11.886244,0,0,0,450.366268,16633.493325,291113.407386,6.0
RJ,256.43,16.44,525.0,4048.0,b'informatica_acessorios',SP,2018,152.63552,105.65,194.343337,33442.954286,19.473729,17.712538,13.715038,0,0,0,341.261699,12993.647155,455464.133916,11.0
SP,31.77,7.78,100.0,4500.0,b'beleza_saude',SP,2018,155.520103,106.6,187.332222,30710.462857,15.227887,11.519802,13.715038,0,0,1,96.994697,10813.03843,455464.133916,5.0
SP,103.08,13.18,1250.0,13500.0,b'esporte_lazer',SP,2017,197.735714,105.87,291.102062,28566.915714,11.964622,11.409836,11.886244,1,0,0,128.255301,7050.706629,291113.407386,2.0
SP,284.9,14.91,5350.0,6804.0,b'informatica_acessorios',PR,2017,154.924854,99.725,189.887078,39168.767143,11.443648,10.264706,11.723562,0,1,0,540.202615,31263.421494,343480.138209,9.0
SP,141.4,16.5,9800.0,58500.0,b'cama_mesa_banho',SP,2017,178.48131,109.68,214.312233,18022.442857,14.116942,12.807692,13.725249,0,0,1,307.134384,3886.09445,117455.248491,11.0
SP,76.83,11.84,1400.0,15600.0,b'cama_mesa_banho',SP,2017,128.481639,91.54,109.763126,13244.577143,12.932629,20.1,11.572975,0,0,0,54.000065,8832.614924,176081.63596,10.0
SP,86.02,16.12,2500.0,2420.0,b'esporte_lazer',SP,2017,153.885753,100.895,184.618524,19053.991429,11.043737,11.382653,11.886244,0,0,0,245.494318,8649.870873,291113.407386,5.0
SP,82.73,12.83,950.0,23625.0,b'cama_mesa_banho',SP,2017,143.255,94.27,161.453318,20379.048571,11.309246,11.210256,13.725249,0,0,0,250.679898,12119.615653,117455.248491,7.0
RJ,188.06,19.06,250.0,17745.0,b'relogios_presentes',SP,2018,90.735,84.435,58.535089,33828.28,15.822852,13.419355,14.949342,1,0,0,444.011828,5965.757951,390767.341004,10.0
SP,262.66,24.66,3200.0,10416.0,b'informatica_acessorios',SP,2018,129.072222,101.905,127.159016,32818.134286,14.44109,14.62069,14.586934,1,0,0,356.506306,7789.75102,421109.470293,2.0
SP,52.38,16.58,1100.0,9600.0,b'utilidades_domesticas',SP,2018,150.651993,112.535,148.282412,37537.504286,9.838063,10.022727,13.721701,0,0,0,19.787792,16495.951326,481297.418576,5.0
SP,27.77,7.78,150.0,1235.0,b'informatica_acessorios',SP,2018,0.0,0.0,0.0,0.0,0.0,0.0,0.0,0,0,0,10.577121,8559.48055,350875.393133,2.0
SP,82.79,7.79,350.0,1960.0,b'esporte_lazer',SP,2018,168.655023,116.83,237.448433,35075.228571,9.68397,8.741259,13.721701,0,0,0,7.030317,13782.963308,481297.418576,5.0
SP,67.58,14.68,1400.0,23625.0,b'cama_mesa_banho',SP,2018,151.823333,108.85,154.937014,42468.724286,11.273584,7.962733,9.806023,0,0,0,156.212073,19769.173494,424423.205949,11.0
SP,554.32,16.32,5690.0,17556.0,b'beleza_saude',SP,2018,138.515462,90.35,158.353208,33988.814286,14.644992,14.159322,14.586934,0,0,1,14.746243,13642.92037,421109.470293,4.0
RJ,215.47,19.47,263.0,2652.0,b'relogios_presentes',SP,2018,162.896181,112.835,211.741374,43688.142857,13.68068,10.35,13.721701,0,0,0,660.979144,20885.474722,481297.418576,17.0
SP,238.8,9.8,500.0,3300.0,b'relogios_presentes',SP,2018,147.682921,107.24,146.199199,33819.387143,12.980247,13.62069,15.685915,0,0,0,60.272318,25357.773985,350875.393133,2.0
SP,186.95,16.95,550.0,5610.0,b'brinquedos',MG,2017,172.657708,107.42,272.999558,25242.387143,11.487987,11.736041,11.886244,0,0,0,470.156218,10490.123273,291113.407386,12.0
RJ,319.88,19.98,375.0,15870.0,b'esporte_lazer',SP,2018,183.645132,124.19,259.221166,42959.005714,16.5656,15.478754,14.949342,0,0,1,345.39001,15620.689385,390767.341004,12.0
RJ,188.2,9.2,1563.0,5440.0,b'esporte_lazer',RJ,2018,162.37186,112.25,235.350514,45708.175714,13.570767,11.327778,16.552935,0,0,1,6.940306,26637.277852,471112.176282,4.0
SP,257.34,9.36,2500.0,210000.0,b'cama_mesa_banho',SP,2017,132.8475,82.265,94.987778,21565.961429,11.64235,10.617021,11.846389,1,0,1,50.94664,8988.687183,343516.704227,4.0
RJ,153.96,48.96,2850.0,42000.0,b'moveis_decoracao',SP,2018,154.011724,106.0,154.858919,44909.605714,15.956102,14.991304,14.949342,1,0,0,307.919977,5666.869626,390767.341004,7.0
SP,278.43,18.53,3650.0,12000.0,b'cama_mesa_banho',SP,2017,252.297429,130.16,401.272551,20237.734286,12.794823,8.993548,11.02144,0,0,1,121.080613,1479.707979,304388.330097,9.0
SP,141.5,21.5,10250.0,61250.0,b'utilidades_domesticas',SP,2017,139.513134,103.245,124.975662,15032.3,10.737843,12.48366,11.140125,0,0,0,50.34097,6654.104232,204408.639154,2.0
SP,872.17,13.27,536.0,4680.0,b'relogios_presentes',SP,2018,152.63552,105.65,194.343337,33442.954286,19.473729,17.712538,13.715038,0,0,0,106.705529,12993.647155,455464.133916,6.0
RJ,185.26,15.36,200.0,1936.0,b'relogios_presentes',SP,2017,173.441818,97.2,225.371713,13080.214286,11.102992,11.088889,9.861342,0,0,0,378.454007,6012.901465,100733.911078,5.0
SP,181.84,13.84,335.0,2992.0,b'relogios_presentes',SP,2018,161.17401,114.32,183.900492,9708.411429,9.786184,10.6,11.552505,0,0,1,295.387543,15375.492958,488209.852444,5.0
SP,40.85,11.85,200.0,352.0,b'relogios_presentes',SP,2017,144.512543,97.8,202.349252,15751.241429,9.975652,5.5,11.140125,0,0,0,294.174461,10466.165424,204408.639154,6.0
SP,312.39,62.49,14600.0,56448.0,b'moveis_decoracao',MG,2017,161.068626,110.235,216.792362,20325.452857,11.090343,11.358025,11.140125,0,0,1,477.930735,11349.791465,204408.639154,16.0
SP,198.49,8.59,750.0,17500.0,b'brinquedos',SP,2018,171.929424,115.57,214.804459,40475.608571,11.932128,21.1,13.721701,0,0,0,19.722462,30385.297969,481297.418576,1.0
SP,32.33,7.43,258.0,4032.0,b'beleza_saude',SP,2018,151.823333,108.85,154.937014,42468.724286,11.273584,7.962733,9.806023,0,0,0,17.671982,19769.173494,424423.205949,4.0
SP,45.01,15.11,217.0,1260.0,b'utilidades_domesticas',PR,2017,152.505688,96.8,266.413411,41308.202857,14.75065,15.467797,11.723562,0,1,1,393.244697,17895.345628,343480.138209,11.0
SP,32.29,7.39,150.0,1360.0,b'beleza_saude',SP,2018,152.625692,104.63,174.960127,41720.485714,14.101769,13.818182,13.721701,0,0,1,100.985107,25848.180947,481297.418576,4.0
RJ,185.34,35.54,2700.0,22940.0,b'utilidades_domesticas',MG,2017,148.47414,110.93,170.656404,21264.681429,12.650067,10.980645,10.36886,0,0,0,678.616712,9442.398406,254990.21744,11.0
SP,195.47,15.57,1125.0,17280.0,b'esporte_lazer',SP,2018,169.101283,112.68,247.276641,23369.875714,7.619223,9.063401,11.552505,0,0,0,128.280043,25226.900324,488209.852444,5.0
RJ,59.41,15.41,250.0,640.0,b'relogios_presentes',SP,2018,206.279143,118.03,324.511544,42628.695714,7.562918,7.551205,11.552505,0,0,1,354.118855,2141.11371,488209.852444,4.0
SP,51.09,15.1,250.0,2160.0,b'utilidades_domesticas',MG,2017,163.630486,96.86,222.348975,15498.887143,10.615475,12.027972,12.847377,0,0,0,418.127276,9996.573205,250658.264608,7.0
SP,233.33,9.33,2134.0,8800.0,b'beleza_saude',SP,2018,158.87925,96.3,233.820394,36358.02,11.197563,10.570175,16.552935,0,0,1,18.042228,4537.639416,471112.176282,2.0
SP,95.09,13.59,1150.0,11286.0,b'cama_mesa_banho',SP,2018,151.828774,105.5,163.632595,21034.541429,17.61907,22.181818,13.715038,0,0,0,276.460842,14455.709409,455464.133916,12.0
RJ,80.13,18.23,1700.0,19200.0,b'cama_mesa_banho',SP,2018,168.655023,116.83,237.448433,35075.228571,9.68397,8.741259,13.721701,0,0,0,325.962897,13782.963308,481297.418576,5.0
SP,72.45,12.55,1650.0,45000.0,b'esporte_lazer',PR,2017,157.486061,106.615,185.793046,20507.8,10.61616,8.444444,10.36886,0,0,0,704.877602,15599.796907,254990.21744,16.0
SP,232.07,19.07,4350.0,4096.0,b'beleza_saude',RJ,2018,201.194078,128.2,293.978109,46350.867143,14.427591,14.036254,13.721701,0,0,1,350.02413,4495.94406,481297.418576,8.0
RJ,457.8,18.0,4900.0,23616.0,b'cama_mesa_banho',SP,2017,219.488889,106.805,345.413735,27193.461429,11.561738,10.369565,11.02144,1,0,0,451.132188,6110.978959,304388.330097,9.0
SP,81.63,11.73,1900.0,19600.0,b'utilidades_domesticas',SP,2018,152.63552,105.65,194.343337,33442.954286,19.473729,17.712538,13.715038,0,0,0,104.9758,12993.647155,455464.133916,8.0
SP,87.97,12.97,225.0,2772.0,b'beleza_saude',SP,2018,129.624286,124.02,33.268779,11724.394286,18.554286,17.131579,13.721701,0,0,1,319.542783,4022.057178,481297.418576,5.0
RJ,85.15,15.25,1100.0,6400.0,b'cama_mesa_banho',MG,2017,180.075192,105.7,269.577625,5904.01,9.118353,0.0,7.389867,0,0,0,341.071683,3234.335779,26973.463786,14.0
SP,37.27,13.37,1450.0,10000.0,b'beleza_saude',SP,2018,139.602054,94.77,149.170996,35915.851429,14.540961,13.989399,15.685915,0,0,1,305.391819,4986.922442,350875.393133,8.0
RJ,33.09,14.1,150.0,7826.0,b'beleza_saude',SP,2017,157.006923,97.9,305.147476,17777.727143,11.923112,12.414966,12.847377,0,0,0,357.66655,6638.448098,250658.264608,8.0
SP,69.24,9.34,900.0,6880.0,b'moveis_decoracao',SP,2017,163.630486,96.86,222.348975,15498.887143,10.615475,12.027972,12.847377,0,0,0,52.309728,9996.573205,250658.264608,13.0
SP,152.99,57.99,19700.0,176400.0,b'moveis_decoracao',SP,2017,139.116222,97.78,154.974206,17832.332857,9.471597,9.729927,12.847377,0,0,1,24.46145,6453.512323,250658.264608,7.0
SP,63.65,11.75,500.0,4608.0,b'informatica_acessorios',SP,2017,192.455972,104.595,295.395878,10505.54,9.736604,9.370968,7.389867,0,0,1,39.459659,3388.883218,26973.463786,8.0
SP,677.4,34.0,6200.0,46230.0,b'beleza_saude',PR,2017,166.14875,103.165,222.803743,32840.95,10.637169,11.81203,11.846389,0,0,0,501.287969,20122.23936,343516.704227,14.0
SP,44.27,8.27,150.0,4000.0,b'beleza_saude',SP,2018,139.754382,90.88,158.576067,36744.51,14.6212,14.937107,15.685915,0,0,1,156.579916,14485.245947,350875.393133,3.0
SP,105.96,28.16,900.0,9000.0,b'utilidades_domesticas',MG,2017,142.739389,91.35,157.946178,21981.448333,12.278808,12.564593,11.846389,0,0,0,249.469462,16245.501187,343516.704227,12.0
SP,20.38,7.39,200.0,3200.0,b'brinquedos',SP,2018,169.586402,116.9,209.749791,43343.128571,16.083124,16.087227,14.949342,0,0,0,89.392902,18052.263947,390767.341004,4.0
SP,320.28,25.48,3450.0,16320.0,b'cama_mesa_banho',SP,2018,184.699545,109.8,317.347835,34763.917143,15.336118,15.470769,13.721701,0,0,0,165.050531,24595.375381,481297.418576,4.0
SP,131.75,13.17,900.0,38000.0,b'cama_mesa_banho',SP,2017,380.32,126.865,567.671024,13590.047143,10.439479,10.35,12.847377,1,0,0,301.97331,12385.408205,250658.264608,8.0
RJ,117.43,17.44,1350.0,13104.0,b'esporte_lazer',SP,2017,237.752143,155.17,217.990196,9886.454286,13.859306,12.666667,11.572975,0,0,0,429.537467,914.282225,176081.63596,15.0
RJ,192.98,23.98,1400.0,5376.0,b'esporte_lazer',SP,2018,148.815448,107.935,160.406105,39818.875714,11.193024,9.188272,13.721701,0,0,1,510.98012,19000.212011,481297.418576,4.0
SP,142.2,12.3,1700.0,26250.0,b'brinquedos',SP,2017,175.182111,86.19,443.748326,10058.68,13.91639,13.547826,13.725249,0,0,1,83.784945,6108.022665,117455.248491,7.0
RJ,56.1,16.11,1050.0,6250.0,b'cama_mesa_banho',SP,2017,173.110385,94.56,293.633832,17349.634286,9.244751,9.422222,12.847377,0,0,1,578.457994,4269.261942,250658.264608,13.0
SP,114.0,15.0,1925.0,9880.0,b'cama_mesa_banho',SP,2018,156.955534,99.65,233.737464,40317.415714,11.137556,9.174419,9.806023,0,0,1,270.533892,20767.3481,424423.205949,8.0
SP,71.63,11.73,8525.0,43848.0,b'utilidades_domesticas',SP,2017,146.129213,102.125,147.770135,18128.237143,9.833164,10.522727,11.140125,0,0,1,14.302579,6842.40303,204408.639154,4.0
SP,76.54,17.54,3800.0,21000.0,b'esporte_lazer',SP,2018,179.383589,113.94,406.098785,47550.468571,7.676694,8.397849,9.806023,0,0,0,186.269556,21411.339348,424423.205949,5.0
SP,155.28,15.29,1750.0,7200.0,b'cama_mesa_banho',SP,2018,271.335714,129.79,342.191097,25554.294286,9.961427,8.637931,11.552505,0,0,0,282.090437,0.0,488209.852444,4.0
SP,63.6,16.6,512.0,13608.0,b'brinquedos',SP,2018,54.48,54.48,2.998133,48555.102857,8.448086,6.15534,9.806023,1,0,0,25.346346,8056.559912,424423.205949,2.0
SP,335.47,10.47,400.0,2992.0,b'beleza_saude',SP,2017,158.009725,100.34,187.013736,37566.994286,10.599129,10.896875,11.723562,0,1,1,43.244527,13299.091159,343480.138209,7.0
SP,46.84,11.85,200.0,4500.0,b'beleza_saude',SP,2017,146.426294,103.37,142.389928,18437.258571,13.862178,13.216495,13.725249,0,0,0,123.538153,11412.505157,117455.248491,6.0
SP,152.71,15.71,950.0,9600.0,b'relogios_presentes',RJ,2018,147.593276,104.715,166.697669,37965.977143,13.154252,13.464286,13.715038,0,0,0,654.794007,22443.295487,455464.133916,9.0
SP,228.69,8.79,1400.0,50000.0,b'brinquedos',SP,2017,186.376436,109.94,237.235682,25890.885714,11.125973,11.144737,11.846389,0,0,0,23.542325,9691.526533,343516.704227,5.0
SP,218.37,10.37,550.0,2880.0,b'beleza_saude',SP,2018,148.202583,107.155,148.883101,45667.235714,13.69657,11.316568,16.552935,0,0,1,186.223782,18884.627553,471112.176282,21.0
SP,66.01,16.11,1000.0,9984.0,b'cama_mesa_banho',RJ,2017,145.94623,100.15,181.093355,26098.034286,11.582337,11.267857,11.886244,0,0,0,397.572016,19556.339214,291113.407386,7.0
SP,82.98,13.08,2600.0,15000.0,b'moveis_decoracao',SP,2018,164.557957,111.89,203.704758,29612.587143,15.03058,12.472414,13.715038,0,0,1,9.556604,1139.441711,455464.133916,6.0
SP,124.93,19.93,1000.0,7632.0,b'relogios_presentes',RJ,2018,169.267778,78.93,196.426997,38274.044286,8.890272,7.752809,9.806023,1,0,0,731.68177,9749.84977,424423.205949,9.0
SP,129.32,12.32,396.0,2772.0,b'relogios_presentes',SP,2017,140.122045,112.91,112.317913,24056.81,13.468197,9.273885,11.02144,0,0,1,314.894914,989.037405,304388.330097,9.0
SP,152.44,18.44,2800.0,16000.0,b'moveis_decoracao',SP,2018,159.804674,114.61,160.473001,42354.661429,8.772883,7.612536,9.806023,0,0,1,16.918168,7028.108538,424423.205949,16.0
SP,173.84,24.04,800.0,7500.0,b'moveis_decoracao',SP,2017,102.020652,78.45,72.603704,22224.708571,10.849535,10.0,11.886244,0,0,1,245.489431,4648.054362,291113.407386,4.0
SP,103.14,16.24,1383.0,20000.0,b'cama_mesa_banho',SP,2018,153.813396,101.54,204.457084,37870.631429,14.567373,14.68,15.685915,0,0,1,90.712244,16603.241466,350875.393133,10.0
SP,72.78,7.78,300.0,352.0,b'relogios_presentes',SP,2017,142.739389,91.35,157.946178,21981.448333,12.278808,12.564593,11.846389,0,0,0,11.655218,16245.501187,343516.704227,7.0
SP,35.34,15.44,10100.0,24000.0,b'utilidades_domesticas',SP,2018,188.087573,108.53,230.445267,48617.692857,7.75761,8.315104,9.806023,0,0,1,164.35397,5565.531973,424423.205949,3.0
SP,249.18,19.19,1600.0,19600.0,b'brinquedos',RJ,2018,205.306974,116.995,359.040854,16448.48,16.676556,12.412371,16.552935,0,0,0,369.321619,1550.992366,471112.176282,6.0
SP,232.03,13.03,480.0,2772.0,b'relogios_presentes',SP,2018,147.682921,107.24,146.199199,33819.387143,12.980247,13.62069,15.685915,0,0,0,284.081806,25357.773985,350875.393133,13.0
SP,111.71,13.71,925.0,2400.0,b'beleza_saude',SP,2017,148.47414,110.93,170.656404,21264.681429,12.650067,10.980645,10.36886,0,0,0,111.745958,9442.398406,254990.21744,17.0
SP,72.18,12.48,1200.0,14000.0,b'utilidades_domesticas',SP,2017,139.237191,105.28,138.987959,14577.862857,12.105301,24.0,12.847377,0,0,0,63.288846,5712.000943,250658.264608,11.0
SP,199.07,9.07,4850.0,18750.0,b'esporte_lazer',SP,2017,130.3801,97.03,117.342947,37290.684286,10.264577,11.766667,11.723562,0,1,0,50.940834,15172.83474,343480.138209,2.0
RJ,131.95,18.05,1091.0,13920.0,b'brinquedos',SP,2017,349.7,349.7,0.0,19152.062857,9.758299,10.592593,12.847377,1,0,0,571.768908,8470.388675,250658.264608,10.0
SP,35.81,12.82,525.0,4872.0,b'cama_mesa_banho',SP,2018,174.49672,112.65,234.242534,45927.521429,7.647275,8.280543,9.806023,0,0,0,310.981919,26034.034785,424423.205949,7.0
SP,98.72,8.82,600.0,9477.0,b'utilidades_domesticas',SP,2017,179.035,179.035,167.124688,17350.912857,13.969833,12.761905,13.725249,1,0,0,22.990834,11743.774367,117455.248491,3.0
SP,64.52,14.52,300.0,3520.0,b'beleza_saude',MG,2017,109.830722,83.89,104.716655,8709.06,12.108501,11.0,9.861342,0,0,1,499.065507,4157.596628,100733.911078,4.0
SP,20.68,7.78,250.0,960.0,b'informatica_acessorios',SP,2018,225.2675,91.795,299.015874,31722.644286,16.966953,16.553191,13.715038,1,0,0,13.600893,2425.737412,455464.133916,2.0
SP,51.63,11.73,1000.0,7000.0,b'cama_mesa_banho',SP,2017,133.54451,97.08,139.564923,15678.452857,10.951708,8.181818,11.140125,0,0,0,44.146479,11643.171343,204408.639154,2.0
SP,88.49,16.5,300.0,2256.0,b'informatica_acessorios',SP,2017,152.505688,96.8,266.413411,41308.202857,14.75065,15.467797,11.723562,0,1,1,85.823824,17895.345628,343480.138209,4.0
SP,59.74,11.74,540.0,2380.0,b'informatica_acessorios',SP,2017,259.1,177.44,190.633787,9333.472857,8.588518,5.7,7.389867,1,0,0,155.812928,3950.305883,26973.463786,3.0
SP,36.75,11.85,350.0,4800.0,b'cama_mesa_banho',SP,2017,219.488889,106.805,345.413735,27193.461429,11.561738,10.369565,11.02144,1,0,0,294.942197,6110.978959,304388.330097,21.0
RJ,89.24,34.54,750.0,18505.0,b'utilidades_domesticas',SP,2018,175.83511,106.78,321.117563,37893.29,17.668932,13.517544,16.552935,0,0,1,350.876007,23446.588699,471112.176282,17.0
SP,89.56,15.56,450.0,1280.0,b'relogios_presentes',SP,2017,75.506,77.65,36.338078,16028.504286,10.628528,11.44,11.140125,1,0,0,50.275513,3074.972806,204408.639154,1.0
SP,123.38,25.38,1666.0,7752.0,b'informatica_acessorios',SP,2018,152.441729,108.1,161.980799,20770.601429,17.99406,19.779874,13.715038,0,0,1,256.953335,10141.722238,455464.133916,10.0
SP,196.01,16.01,200.0,1080.0,b'beleza_saude',RJ,2018,135.589615,112.23,112.496734,22358.825714,19.958873,20.159574,13.715038,1,0,0,426.102243,2410.21133,455464.133916,9.0
SP,79.33,9.34,500.0,2268.0,b'brinquedos',SP,2017,0.0,0.0,0.0,0.0,0.0,0.0,0.0,1,0,0,9.755404,3849.265131,343516.704227,2.0
SP,123.67,13.67,3500.0,18900.0,b'beleza_saude',SP,2018,146.780053,109.19,145.736922,42079.09,16.184607,13.259587,14.949342,0,0,0,17.279099,23643.304352,390767.341004,2.0
SP,48.62,8.72,483.0,2964.0,b'beleza_saude',SP,2017,179.699615,123.555,186.008082,26497.61,11.380656,10.80203,11.886244,0,0,1,31.764185,12683.026217,291113.407386,6.0
SP,219.63,32.06,4755.0,53320.0,b'utilidades_domesticas',PR,2017,196.174615,96.94,216.190891,22882.27,11.627508,10.918919,13.725249,1,0,0,472.484029,11356.680854,117455.248491,3.0
SP,25.29,7.39,275.0,7475.0,b'esporte_lazer',SP,2018,154.851445,113.05,178.839639,47455.257143,11.913726,10.784,16.552935,0,0,0,85.679751,22895.284932,471112.176282,4.0
SP,118.28,7.96,200.0,990.0,b'beleza_saude',SP,2018,142.808909,102.05,120.419847,36148.887143,17.417759,13.025907,16.552935,1,0,0,70.420071,8617.038965,471112.176282,2.0
SP,306.79,26.8,7550.0,44800.0,b'esporte_lazer',RJ,2018,137.108407,103.86,112.256389,35176.277143,12.796586,12.971429,15.685915,0,0,1,512.096869,6317.603944,350875.393133,10.0
SP,166.68,16.81,517.0,5577.0,b'informatica_acessorios',MG,2018,155.520103,106.6,187.332222,30710.462857,15.227887,11.519802,13.715038,0,0,1,446.589994,10813.03843,455464.133916,11.0
SP,67.94,13.04,400.0,3750.0,b'moveis_decoracao',SP,2018,177.537486,101.75,426.977285,38259.934286,7.540148,8.20625,11.552505,0,0,1,198.11131,22420.746301,488209.852444,4.0
SP,192.22,16.23,4100.0,12920.0,b'cama_mesa_banho',SP,2017,0.0,0.0,0.0,0.0,0.0,0.0,0.0,0,0,0,254.674271,885.370612,100733.911078,5.0
SP,101.73,11.83,1500.0,20000.0,b'brinquedos',SP,2017,139.82275,98.83,131.412715,37321.215714,10.210064,11.163009,11.723562,0,1,0,59.903856,26502.630735,343480.138209,10.0
SP,82.33,12.43,2600.0,15000.0,b'moveis_decoracao',SP,2018,167.163844,113.93,192.128,41479.312857,15.670482,13.37766,14.949342,0,0,0,31.025587,15869.929561,390767.341004,10.0
SP,57.29,7.39,150.0,2816.0,b'esporte_lazer',SP,2018,201.194078,128.2,293.978109,46350.867143,14.427591,14.036254,13.721701,0,0,1,13.377918,4495.94406,481297.418576,3.0
SP,71.44,11.44,1500.0,24684.0,b'informatica_acessorios',SP,2018,153.49,103.895,174.533391,34391.242857,9.921734,9.686667,11.552505,0,0,0,5.946054,22637.657096,488209.852444,1.0
SP,47.78,7.78,700.0,6325.0,b'brinquedos',SP,2017,151.02404,104.875,179.633941,20038.504286,12.845585,13.364238,11.846389,0,0,0,30.707919,23162.28642,343516.704227,7.0
SP,65.62,13.72,900.0,2400.0,b'cama_mesa_banho',SP,2018,158.947276,111.31,185.219078,36466.665714,15.031157,15.204403,14.586934,0,0,0,173.235653,12716.33219,421109.470293,12.0
SP,45.62,8.72,200.0,4096.0,b'moveis_decoracao',SP,2017,92.646667,80.52,42.498052,19107.818571,10.490189,9.785714,10.36886,1,0,0,5.494242,5209.893061,254990.21744,4.0
SP,139.8,0.0,5200.0,30000.0,b'moveis_decoracao',SP,2018,179.338817,105.315,261.721228,48319.182857,13.922536,12.3531,16.552935,0,0,0,69.274545,23276.77906,471112.176282,6.0
SP,233.22,18.22,9750.0,12600.0,b'cama_mesa_banho',SP,2017,158.44375,157.415,85.901293,17597.752857,10.40811,9.111111,12.847377,1,0,0,313.322888,6038.563721,250658.264608,6.0
RJ,98.56,15.33,200.0,2912.0,b'informatica_acessorios',SP,2017,186.376436,109.94,237.235682,25890.885714,11.125973,11.144737,11.846389,0,0,0,509.708866,9691.526533,343516.704227,14.0
SP,28.69,12.79,400.0,2057.0,b'utilidades_domesticas',SP,2018,153.49,103.895,174.533391,34391.242857,9.921734,9.686667,11.552505,0,0,0,383.322451,22637.657096,488209.852444,7.0
SP,686.1,27.2,9600.0,39984.0,b'esporte_lazer',SP,2017,133.54451,97.08,139.564923,15678.452857,10.951708,8.181818,11.140125,0,0,0,39.635344,11643.171343,204408.639154,2.0
RJ,57.1,14.11,200.0,1232.0,b'brinquedos',SP,2017,82.627,72.785,48.790573,13480.955714,12.979776,11.266667,11.572975,1,0,0,354.766855,5632.01507,176081.63596,6.0
SP,31.77,7.78,100.0,4500.0,b'beleza_saude',SP,2017,189.938098,110.78,251.881291,21365.408333,11.661881,12.833333,11.02144,0,0,1,24.60778,13973.51743,304388.330097,5.0
SP,23.28,8.29,350.0,3672.0,b'informatica_acessorios',SP,2018,188.087573,108.53,230.445267,48617.692857,7.75761,8.315104,9.806023,0,0,1,57.69484,5565.531973,424423.205949,2.0
SP,78.47,9.47,550.0,8000.0,b'beleza_saude',SP,2017,160.011418,104.245,186.068829,9848.051429,11.79097,10.0,9.861342,0,0,0,7.071386,8958.387421,100733.911078,6.0
SP,192.9,13.91,292.0,1632.0,b'relogios_presentes',SP,2018,104.07,104.07,0.0,8580.56,8.470916,7.61039,11.552505,1,0,0,291.396546,8704.073599,488209.852444,7.0
SP,224.06,24.16,4100.0,24206.0,b'moveis_decoracao',PR,2018,169.267778,78.93,196.426997,38274.044286,8.890272,7.752809,9.806023,1,0,0,346.298115,9749.84977,424423.205949,4.0
SP,36.78,7.78,200.0,352.0,b'relogios_presentes',SP,2017,92.646667,80.52,42.498052,19107.818571,10.490189,9.785714,10.36886,1,0,0,85.126753,5209.893061,254990.21744,2.0
SP,128.1,8.1,300.0,2640.0,b'relogios_presentes',SP,2018,151.823333,108.85,154.937014,42468.724286,11.273584,7.962733,9.806023,0,0,0,6.416169,19769.173494,424423.205949,4.0
SP,29.24,9.34,800.0,18000.0,b'utilidades_domesticas',SP,2017,150.340833,110.59,116.636958,20260.79,12.827611,11.961111,11.846389,0,0,1,12.044035,1752.27189,343516.704227,3.0
RJ,236.88,16.98,9800.0,44100.0,b'esporte_lazer',PR,2017,163.787027,96.93,176.903978,19735.711429,10.132466,10.412791,10.36886,0,0,1,686.009658,423.279354,254990.21744,10.0
SP,117.85,17.95,1700.0,7448.0,b'cama_mesa_banho',MG,2018,225.2675,91.795,299.015874,31722.644286,16.966953,16.553191,13.715038,1,0,0,256.724384,2425.737412,455464.133916,18.0
SP,38.75,11.85,400.0,1040.0,b'cama_mesa_banho',SP,2017,77.191538,75.63,46.231234,21003.795714,12.21512,13.02439,13.725249,1,0,0,302.186447,10102.384569,117455.248491,6.0
SP,353.36,23.56,10652.0,113600.0,b'cama_mesa_banho',SP,2018,154.873096,111.6,167.824996,45981.09,15.435221,15.877841,14.949342,0,0,0,18.269626,19863.04796,390767.341004,2.0
SP,369.65,84.66,33450.0,186000.0,b'moveis_decoracao',SP,2018,201.745204,110.875,361.010824,42575.537143,16.859029,14.101227,14.949342,1,0,1,148.860098,1165.502251,390767.341004,4.0
RJ,299.44,9.44,300.0,3000.0,b'esporte_lazer',RJ,2017,186.376436,109.94,237.235682,25890.885714,11.125973,11.144737,11.846389,0,0,0,15.327522,9691.526533,343516.704227,4.0
RJ,77.97,18.0,6650.0,40000.0,b'cama_mesa_banho',MG,2018,179.338817,105.315,261.721228,48319.182857,13.922536,12.3531,16.552935,0,0,0,343.094186,23276.77906,471112.176282,5.0
SP,223.6,23.8,5600.0,20592.0,b'moveis_decoracao',SP,2017,163.917576,108.19,190.381784,20326.218571,11.148958,10.428571,12.847377,0,0,0,5.142943,8732.784328,250658.264608,8.0
SP,68.72,8.72,500.0,4800.0,b'esporte_lazer',SP,2017,189.938098,110.78,251.881291,21365.408333,11.661881,12.833333,11.02144,0,0,1,7.627567,13973.51743,304388.330097,4.0
SP,60.73,11.73,4800.0,30492.0,b'utilidades_domesticas',SP,2017,130.392911,84.92,141.001789,17363.6,13.021717,10.382022,12.847377,0,0,1,99.667797,13269.992901,250658.264608,7.0
SP,168.04,22.24,1800.0,9600.0,b'cama_mesa_banho',SP,2017,184.97822,102.245,248.617536,13096.03,12.936148,11.248062,11.572975,0,0,0,99.479519,6085.648348,176081.63596,7.0
SP,123.61,19.61,1150.0,20956.0,b'esporte_lazer',SP,2017,161.769746,113.34,168.980649,26147.744286,11.401738,10.485714,11.886244,0,0,1,369.833079,19226.290171,291113.407386,6.0
SP,236.75,16.75,517.0,5577.0,b'informatica_acessorios',MG,2017,237.752143,155.17,217.990196,9886.454286,13.859306,12.666667,11.572975,0,0,0,448.276188,914.282225,176081.63596,19.0
SP,56.88,13.88,650.0,1710.0,b'cama_mesa_banho',SP,2018,198.723705,117.63,294.763925,39379.098571,11.438082,9.761733,13.721701,0,0,1,259.787118,18979.87422,481297.418576,11.0
SP,222.97,12.97,20100.0,23625.0,b'cama_mesa_banho',SP,2017,120.173333,129.79,56.727381,19868.865714,10.469906,9.1875,11.140125,1,0,0,310.773212,3475.184066,204408.639154,9.0
RJ,159.02,39.22,1200.0,17856.0,b'moveis_decoracao',SP,2018,176.216526,115.225,218.140768,38685.251429,10.016051,13.625,13.721701,0,0,0,758.379701,25382.367825,481297.418576,12.0
SP,81.89,11.99,800.0,23625.0,b'cama_mesa_banho',SP,2017,116.840066,83.715,107.961714,16603.067143,10.580058,11.58156,11.140125,0,0,0,263.331245,9926.461433,204408.639154,7.0
SP,24.86,10.96,250.0,4800.0,b'cama_mesa_banho',SP,2017,161.85822,110.14,222.176103,14893.912857,11.151064,10.992754,9.861342,0,0,0,353.669407,10128.27843,100733.911078,13.0
SP,913.65,14.65,700.0,2873.0,b'relogios_presentes',SP,2018,152.055682,94.5,196.762668,32828.608571,14.565722,15.893993,14.586934,0,0,1,25.235128,13016.56679,421109.470293,8.0
SP,28.33,9.34,700.0,36000.0,b'utilidades_domesticas',SP,2018,225.2675,91.795,299.015874,31722.644286,16.966953,16.553191,13.715038,1,0,0,86.380952,2425.737412,455464.133916,6.0
SP,210.89,12.89,850.0,34375.0,b'brinquedos',SP,2017,173.528304,105.38,239.844784,39983.462857,12.257722,12.727869,11.723562,0,1,1,250.359625,14642.728132,343480.138209,11.0
SP,48.24,9.34,500.0,28500.0,b'beleza_saude',SP,2017,153.787256,105.575,223.387256,21768.088333,10.356619,10.948571,10.36886,0,0,1,17.474821,9973.860249,254990.21744,4.0
SP,81.78,11.88,950.0,23625.0,b'cama_mesa_banho',SP,2017,167.528,89.29,210.133058,15512.01,12.915503,13.0,11.572975,0,0,1,300.354969,0.0,176081.63596,18.0
SP,54.0,14.1,200.0,8000.0,b'informatica_acessorios',MG,2017,146.426294,103.37,142.389928,18437.258571,13.862178,13.216495,13.725249,0,0,0,511.801221,11412.505157,117455.248491,1.0
SP,41.28,8.29,250.0,6237.0,b'brinquedos',SP,2018,184.891053,125.33,119.382388,49571.878571,10.840104,8.741071,16.552935,1,0,0,20.000096,11391.747498,471112.176282,2.0
SP,77.7,7.75,150.0,1404.0,b'beleza_saude',SP,2018,150.651993,112.535,148.282412,37537.504286,9.838063,10.022727,13.721701,0,0,0,27.569775,16495.951326,481297.418576,1.0
SP,310.3,13.58,150.0,4864.0,b'informatica_acessorios',SP,2018,164.725265,103.195,236.312968,38065.002857,13.552517,12.431227,13.715038,0,0,1,236.654896,16988.865107,455464.133916,9.0
SP,69.96,13.97,850.0,21450.0,b'cama_mesa_banho',SP,2018,176.900658,119.26,255.117771,47839.962857,8.721561,9.6743,9.806023,0,0,0,306.150941,19932.515892,424423.205949,5.0
SP,123.09,24.79,10100.0,76800.0,b'utilidades_domesticas',SP,2017,161.70807,116.275,175.243136,15074.481429,11.063914,11.771186,9.861342,0,0,0,8.81636,8895.344761,100733.911078,8.0
SP,18.29,7.39,175.0,10368.0,b'utilidades_domesticas',SP,2018,158.336958,111.87,181.22245,41118.608571,7.509981,8.240223,11.552505,0,0,1,64.268075,20326.010712,488209.852444,3.0
SP,65.67,14.67,2000.0,22140.0,b'utilidades_domesticas',SP,2018,182.363333,197.58,145.941184,42215.187143,7.725264,5.880435,9.806023,1,0,0,399.510975,14192.500276,424423.205949,7.0
SP,43.33,9.34,867.0,7020.0,b'esporte_lazer',SP,2017,151.829279,86.64,237.975352,36206.628571,10.13737,8.344262,11.723562,0,1,0,54.479717,32567.514368,343480.138209,4.0
SP,23.68,7.78,150.0,4950.0,b'esporte_lazer',SP,2017,150.977421,105.37,174.569529,25622.235714,13.622736,11.401235,11.02144,0,0,1,87.787458,10504.001707,304388.330097,4.0
RJ,161.88,18.88,2550.0,12000.0,b'cama_mesa_banho',SP,2018,152.005455,100.75,191.175299,36482.981429,14.848793,14.470588,14.586934,0,0,0,690.291282,16441.681686,421109.470293,14.0
SP,97.8,11.81,1900.0,42000.0,b'cama_mesa_banho',SP,2017,165.428387,122.57,145.807893,34426.001429,10.295814,10.117857,11.723562,0,1,1,40.288943,8790.749176,343480.138209,9.0
SP,58.9,13.9,650.0,8736.0,b'cama_mesa_banho',SP,2018,165.430319,118.74,185.144258,37786.594286,8.86101,14.0,9.806023,0,0,0,301.631643,27238.912642,424423.205949,3.0
SP,136.6,17.6,6550.0,8000.0,b'informatica_acessorios',MG,2018,158.048392,101.285,225.238052,35918.457143,17.651711,15.890909,16.552935,0,0,0,316.016292,19321.393908,471112.176282,5.0
SP,85.14,15.17,2400.0,32000.0,b'cama_mesa_banho',MG,2017,134.889408,92.28,138.390954,19427.338571,10.652064,10.125714,10.36886,0,0,1,525.095516,11549.680449,254990.21744,15.0
SP,157.06,37.26,3600.0,90000.0,b'utilidades_domesticas',PR,2017,175.182111,86.19,443.748326,10058.68,13.91639,13.547826,13.725249,0,0,1,479.343117,6108.022665,117455.248491,5.0
SP,137.16,8.16,200.0,640.0,b'relogios_presentes',SP,2017,179.035,179.035,167.124688,17350.912857,13.969833,12.761905,13.725249,1,0,0,17.580256,11743.774367,117455.248491,0.0
SP,86.71,16.74,5350.0,32000.0,b'cama_mesa_banho',MG,2017,256.43,256.43,0.0,26292.154286,10.763484,9.803922,11.886244,1,0,0,476.186195,5112.176477,291113.407386,7.0
SP,407.88,31.98,4601.0,5508.0,b'relogios_presentes',SP,2018,152.896716,101.01,167.793922,37392.808571,15.195141,14.84252,14.586934,0,0,1,316.959621,14574.566029,421109.470293,9.0
SP,26.78,8.88,594.0,6120.0,b'cama_mesa_banho',SP,2018,271.335714,129.79,342.191097,25554.294286,9.961427,8.637931,11.552505,0,0,0,105.198417,0.0,488209.852444,2.0
SP,193.6,23.6,5168.0,113288.0,b'cama_mesa_banho',SP,2017,171.685393,104.965,208.343832,34017.224286,10.359448,9.852843,11.723562,0,1,1,19.379265,14589.250224,343480.138209,4.0
SP,99.52,9.62,625.0,15435.0,b'brinquedos',SP,2017,198.355068,104.87,444.40946,8319.596,11.593663,0.0,9.861342,0,0,0,14.216495,4562.260529,100733.911078,5.0
SP,155.77,36.77,18150.0,102500.0,b'utilidades_domesticas',SP,2018,170.633018,119.51,202.033343,47203.784286,12.303706,17.0,16.552935,0,0,0,56.318713,30796.301197,471112.176282,3.0
SP,130.0,31.0,15400.0,96000.0,b'moveis_decoracao',SP,2018,182.13625,139.795,177.899632,29850.881429,13.875819,15.172043,13.715038,1,0,0,48.586487,5745.475222,455464.133916,7.0
SP,99.56,17.76,1090.0,7514.0,b'moveis_decoracao',SP,2018,134.32,67.05,161.079081,44519.647143,12.567361,12.145455,16.552935,1,0,0,154.207541,13940.322722,471112.176282,2.0
SP,159.94,14.04,917.0,7680.0,b'informatica_acessorios',PR,2018,142.730641,112.36,110.324291,30763.93,13.622885,13.313043,15.685915,0,0,1,539.536673,3319.566214,350875.393133,11.0
SP,110.96,24.96,3000.0,18000.0,b'cama_mesa_banho',SP,2017,171.157592,101.93,215.97217,25120.108571,12.267415,11.616,11.846389,0,0,0,68.624622,17220.374037,343516.704227,2.0
SP,131.26,25.26,12600.0,352.0,b'utilidades_domesticas',SP,2017,167.718728,113.62,233.361684,41380.555714,13.905954,15.381201,11.723562,0,1,0,92.608547,21027.207364,343480.138209,7.0
SP,71.92,11.92,475.0,11109.0,b'esporte_lazer',SP,2017,170.919272,117.6,172.799682,18785.982857,12.902686,12.0,11.846389,0,0,0,248.07547,9623.066166,343516.704227,6.0
SP,56.04,8.49,500.0,3300.0,b'informatica_acessorios',SP,2018,169.637555,90.62,336.533038,38817.924286,8.834644,8.673591,9.806023,0,0,0,31.284881,21592.876477,424423.205949,5.0
RJ,100.34,15.35,600.0,8151.0,b'beleza_saude',SP,2017,178.59378,114.33,218.286113,22367.927143,12.630185,12.54359,11.02144,0,0,0,331.37991,9337.58671,304388.330097,11.0
SP,98.81,8.82,500.0,15625.0,b'esporte_lazer',SP,2017,181.501739,105.935,266.331441,24559.224286,13.039689,12.307692,11.02144,0,0,0,76.093548,21520.922213,304388.330097,2.0
SP,27.68,7.78,150.0,4000.0,b'informatica_acessorios',SP,2018,146.014415,112.3,130.785534,21616.735714,18.373546,19.484746,13.715038,0,0,1,21.90926,6369.767111,455464.133916,7.0
RJ,179.6,21.6,4338.0,2856.0,b'relogios_presentes',SP,2017,150.977421,105.37,174.569529,25622.235714,13.622736,11.401235,11.02144,0,0,1,510.759261,10504.001707,304388.330097,21.0
RJ,117.82,18.82,902.0,6384.0,b'esporte_lazer',PR,2017,224.111795,126.37,476.893624,5546.086667,7.941952,7.416667,7.389867,0,0,1,675.357989,557.651612,26973.463786,5.0
SP,69.73,12.74,850.0,18000.0,b'cama_mesa_banho',SP,2018,148.941639,101.25,147.380533,34321.814286,13.433079,14.378049,13.715038,0,0,0,308.620098,17768.186978,455464.133916,8.0
RJ,194.0,15.0,400.0,3300.0,b'relogios_presentes',SP,2017,166.872439,124.52,142.644563,20911.592857,13.335999,11.477987,13.725249,0,0,1,384.253089,1584.101569,117455.248491,4.0
SP,59.5,23.7,500.0,9600.0,b'cama_mesa_banho',SP,2017,182.472391,99.825,300.998966,28462.505714,11.703354,10.242424,11.846389,0,0,1,348.824648,10830.692676,343516.704227,15.0
SP,84.26,24.36,1650.0,45000.0,b'esporte_lazer',PR,2018,201.685385,116.9,373.452604,28285.7,15.80946,15.742604,13.721701,0,0,0,408.594869,23061.555043,481297.418576,8.0
SP,33.79,12.79,300.0,4096.0,b'esporte_lazer',SP,2018,141.652491,102.28,137.813934,33514.647143,15.32623,14.967742,14.586934,0,0,0,297.065895,23264.385606,421109.470293,13.0
RJ,62.25,17.25,200.0,2415.0,b'utilidades_domesticas',PR,2018,159.301354,107.505,181.305805,47950.408571,7.718337,8.002833,9.806023,0,0,1,676.577627,21472.990148,424423.205949,5.0
SP,62.78,7.78,150.0,352.0,b'relogios_presentes',SP,2017,150.340833,110.59,116.636958,20260.79,12.827611,11.961111,11.846389,0,0,1,35.77989,1752.27189,343516.704227,7.0
SP,52.49,12.69,650.0,2880.0,b'utilidades_domesticas',SP,2017,120.173333,129.79,56.727381,19868.865714,10.469906,9.1875,11.140125,1,0,0,86.075546,3475.184066,204408.639154,4.0
SP,120.52,20.62,2500.0,12000.0,b'moveis_decoracao',PR,2018,157.079554,100.485,151.119765,49127.597143,10.907773,8.934118,16.552935,0,0,1,436.774891,2555.183266,471112.176282,16.0
RJ,145.56,15.66,6800.0,8000.0,b'brinquedos',SP,2017,137.350864,102.03,142.883837,19853.525714,11.049738,10.53405,11.140125,0,0,1,508.873357,12498.003914,204408.639154,14.0
RJ,85.16,25.26,7000.0,32994.0,b'utilidades_domesticas',SP,2017,130.392911,84.92,141.001789,17363.6,13.021717,10.382022,12.847377,0,0,1,312.440166,13269.992901,250658.264608,10.0
SP,142.02,17.12,800.0,4608.0,b'esporte_lazer',PR,2017,121.939714,105.39,95.447285,21284.347143,11.344009,11.215686,11.886244,1,0,0,332.16288,4663.512374,291113.407386,4.0
SP,94.31,14.31,300.0,2464.0,b'relogios_presentes',RJ,2017,145.587227,105.38,124.665594,37111.531429,10.920741,11.415686,11.723562,0,1,1,359.546334,7301.300601,343480.138209,16.0
SP,92.83,7.94,321.0,3458.0,b'informatica_acessorios',SP,2018,154.873096,111.6,167.824996,45981.09,15.435221,15.877841,14.949342,0,0,0,84.683197,19863.04796,390767.341004,13.0
SP,38.28,8.29,600.0,4940.0,b'informatica_acessorios',SP,2018,184.891053,125.33,119.382388,49571.878571,10.840104,8.741071,16.552935,1,0,0,36.171458,11391.747498,471112.176282,2.0
SP,54.91,23.11,3450.0,28175.0,b'moveis_decoracao',SP,2017,150.525117,96.8,149.986026,33145.33,10.492922,10.645161,11.723562,0,1,1,22.041284,21900.982878,343480.138209,9.0
SP,159.86,9.86,517.0,9240.0,b'brinquedos',SP,2017,139.82275,98.83,131.412715,37321.215714,10.210064,11.163009,11.723562,0,1,0,5.859886,26502.630735,343480.138209,5.0
SP,38.96,10.96,300.0,4500.0,b'moveis_decoracao',SP,2017,97.877857,79.305,59.709526,14191.515714,11.017485,9.561905,9.861342,0,0,1,381.027536,149.725895,100733.911078,12.0
SP,41.9,18.0,225.0,6300.0,b'beleza_saude',SP,2017,133.161111,146.01,89.382178,3357.971667,7.457088,7.387097,51.5,0,0,1,71.967016,0.0,0.0,8.0
SP,47.74,9.34,1400.0,12000.0,b'moveis_decoracao',SP,2017,0.0,0.0,0.0,0.0,0.0,0.0,0.0,1,1,0,19.634204,7671.482249,343480.138209,3.0
SP,61.84,11.85,375.0,1872.0,b'relogios_presentes',SP,2017,170.139937,115.45,192.966966,35972.163333,15.915555,0.0,11.723562,0,1,0,179.165098,21508.641652,343480.138209,9.0
SP,166.68,16.81,517.0,5577.0,b'informatica_acessorios',MG,2017,145.587227,105.38,124.665594,37111.531429,10.920741,11.415686,11.723562,0,1,1,429.700073,7301.300601,343480.138209,12.0
RJ,210.22,50.73,2603.0,28090.0,b'esporte_lazer',PR,2018,90.735,84.435,58.535089,33828.28,15.822852,13.419355,14.949342,1,0,0,707.124125,5965.757951,390767.341004,13.0
SP,181.25,15.25,1450.0,5760.0,b'beleza_saude',SP,2018,154.851445,113.05,178.839639,47455.257143,11.913726,10.784,16.552935,0,0,0,345.739169,22895.284932,471112.176282,13.0
SP,450.51,36.51,14601.0,168000.0,b'cama_mesa_banho',SP,2018,150.340792,102.1,182.147188,32152.238571,13.564187,14.916667,13.715038,0,0,0,5.478547,24705.299123,455464.133916,1.0
SP,61.61,13.71,717.0,5130.0,b'utilidades_domesticas',SP,2018,161.738085,101.5,225.359252,48035.841429,11.604527,10.155807,16.552935,0,0,1,287.999876,24355.661471,471112.176282,6.0
SP,93.85,15.85,2200.0,31500.0,b'moveis_decoracao',SP,2018,162.296117,106.34,179.038073,35444.298571,9.866731,9.460976,11.552505,0,0,0,19.768774,18584.084399,488209.852444,7.0
SP,82.51,14.52,450.0,1280.0,b'informatica_acessorios',SP,2018,159.399771,103.555,259.86157,47282.015714,15.044324,13.837758,14.949342,0,0,1,32.981175,18708.390092,390767.341004,3.0
SP,222.68,15.62,1300.0,20592.0,b'moveis_decoracao',MG,2017,179.582174,97.52,268.579369,10027.751429,12.333992,11.705882,9.861342,0,0,1,220.108067,6428.379622,100733.911078,12.0
SP,133.47,13.57,7500.0,41650.0,b'cama_mesa_banho',SP,2017,146.32375,113.77,127.605593,14291.518571,11.176915,8.835052,11.572975,0,0,1,13.54097,274.539097,176081.63596,15.0
SP,46.0,14.1,200.0,2378.0,b'informatica_acessorios',MG,2018,147.593276,104.715,166.697669,37965.977143,13.154252,13.464286,13.715038,0,0,0,462.149773,22443.295487,455464.133916,15.0
RJ,145.85,67.14,7700.0,61705.0,b'utilidades_domesticas',MG,2018,98.033333,111.52,47.498752,34814.592857,9.487977,8.650602,11.552505,1,0,0,352.306507,4514.490619,488209.852444,4.0
SP,87.44,13.54,1200.0,8550.0,b'beleza_saude',SP,2017,157.006923,97.9,305.147476,17777.727143,11.923112,12.414966,12.847377,0,0,0,293.131875,6638.448098,250658.264608,10.0
SP,84.12,11.12,500.0,23625.0,b'brinquedos',SP,2017,149.941429,106.77,100.587564,5415.808571,15.335618,14.235294,11.572975,0,0,1,230.471742,51.985421,176081.63596,17.0
SP,17.78,7.78,325.0,3250.0,b'beleza_saude',SP,2017,153.405497,105.28,263.427004,14015.725714,10.494637,4.888889,12.847377,0,0,1,15.245205,4857.064399,250658.264608,4.0
SP,58.74,9.34,529.0,5760.0,b'beleza_saude',SP,2018,150.340792,102.1,182.147188,32152.238571,13.564187,14.916667,13.715038,0,0,0,140.084189,24705.299123,455464.133916,7.0
SP,102.56,6.56,396.0,2772.0,b'relogios_presentes',SP,2018,154.851445,113.05,178.839639,47455.257143,11.913726,10.784,16.552935,0,0,0,294.345425,22895.284932,471112.176282,15.0
SP,137.56,17.76,2000.0,24960.0,b'utilidades_domesticas',SP,2018,123.496,82.665,96.343665,45807.75,14.311568,15.68932,13.721701,1,0,0,22.075497,9339.364683,481297.418576,7.0
SP,53.85,11.85,1800.0,7406.0,b'utilidades_domesticas',SP,2017,134.889408,92.28,138.390954,19427.338571,10.652064,10.125714,10.36886,0,0,1,326.424107,11549.680449,254990.21744,14.0
SP,169.72,13.75,363.0,3042.0,b'relogios_presentes',SP,2018,222.885904,115.82,360.787072,35101.732857,10.107025,8.339041,11.552505,0,0,1,209.332033,4128.664229,488209.852444,12.0
SP,47.67,14.78,250.0,4702.0,b'informatica_acessorios',SP,2018,150.556774,99.42,173.179082,34290.918571,14.711507,16.151515,14.949342,0,0,1,94.584244,2450.51624,390767.341004,3.0
SP,234.64,18.64,2400.0,23625.0,b'cama_mesa_banho',SP,2018,157.54977,104.11,191.652849,30894.621429,9.657912,10.793103,11.552505,0,0,0,287.746069,21970.344302,488209.852444,13.0
RJ,87.63,18.63,700.0,6250.0,b'moveis_decoracao',PR,2018,153.792709,112.67,133.966777,33020.081429,9.607138,15.5,11.552505,0,0,0,664.412462,18306.088923,488209.852444,16.0
SP,103.83,14.93,1581.0,27216.0,b'cama_mesa_banho',SP,2018,152.726291,107.85,182.42993,36683.072857,8.962561,8.550725,9.806023,0,0,0,284.147111,16726.161351,424423.205949,5.0
SP,182.29,12.39,1167.0,20160.0,b'brinquedos',SP,2017,153.49287,95.21,170.620632,29695.538571,11.366604,11.052174,11.846389,0,0,1,83.513964,5491.322893,343516.704227,5.0
SP,24.38,7.39,250.0,1235.0,b'informatica_acessorios',SP,2018,152.005455,100.75,191.175299,36482.981429,14.848793,14.470588,14.586934,0,0,0,13.511443,16441.681686,421109.470293,1.0
SP,53.58,16.58,700.0,7560.0,b'beleza_saude',SP,2018,170.594724,118.085,211.638477,36741.14,15.077519,14.764706,14.586934,0,0,1,24.251391,14038.669952,421109.470293,4.0
SP,144.63,78.63,30000.0,140360.0,b'beleza_saude',RJ,2017,130.392911,84.92,141.001789,17363.6,13.021717,10.382022,12.847377,0,0,1,321.26767,13269.992901,250658.264608,12.0
SP,141.82,11.93,950.0,12800.0,b'cama_mesa_banho',SP,2018,176.042906,106.49,239.218438,42041.981429,9.040365,8.413897,9.806023,0,0,1,58.441587,18198.255375,424423.205949,5.0
SP,175.87,15.87,2300.0,5280.0,b'beleza_saude',RJ,2017,179.334182,110.98,264.49245,16561.954286,14.29952,12.28,13.725249,0,0,0,426.517402,12105.593152,117455.248491,9.0
SP,107.95,12.8,220.0,3432.0,b'informatica_acessorios',PR,2018,111.365556,89.395,56.761406,30507.954286,13.280247,12.397436,15.685915,1,0,0,533.202617,1008.967727,350875.393133,9.0
SP,462.56,12.56,483.0,3640.0,b'esporte_lazer',SP,2017,136.972821,105.18,131.07187,19117.032857,10.703725,12.5,11.140125,0,0,0,67.665272,13246.903925,204408.639154,7.0
RJ,45.0,15.1,250.0,1200.0,b'beleza_saude',SP,2018,135.589615,112.23,112.496734,22358.825714,19.958873,20.159574,13.715038,1,0,0,445.043019,2410.21133,455464.133916,4.0
SP,26.77,7.78,100.0,896.0,b'informatica_acessorios',SP,2018,150.340792,102.1,182.147188,32152.238571,13.564187,14.916667,13.715038,0,0,0,11.074074,24705.299123,455464.133916,1.0
RJ,435.65,36.65,9900.0,60000.0,b'utilidades_domesticas',SP,2018,129.624286,124.02,33.268779,11724.394286,18.554286,17.131579,13.721701,0,0,1,348.420562,4022.057178,481297.418576,14.0
SP,78.7,12.8,800.0,23625.0,b'cama_mesa_banho',SP,2017,143.371848,85.75,162.179588,20866.802857,10.865641,10.700935,10.36886,0,0,1,294.173641,12252.321619,254990.21744,5.0
SP,21.28,7.78,350.0,7514.0,b'moveis_decoracao',SP,2018,154.187643,93.755,182.447116,29990.152857,15.977013,14.635965,13.715038,0,0,0,5.786239,11682.603187,455464.133916,4.0
SP,64.51,11.87,350.0,6580.0,b'cama_mesa_banho',SP,2017,176.670308,98.32,261.153996,21242.365714,12.645841,11.412017,11.02144,0,0,0,268.582352,11059.024228,304388.330097,13.0
SP,37.61,7.71,250.0,1200.0,b'beleza_saude',SP,2018,164.930623,102.53,194.374517,44901.941429,16.016806,16.722388,14.949342,0,0,0,130.521213,14537.171378,390767.341004,2.0
SP,46.03,14.53,1183.0,8850.0,b'informatica_acessorios',SP,2018,163.848397,113.585,212.072677,40895.157143,11.637926,10.354467,13.721701,0,0,0,276.50484,24067.293641,481297.418576,5.0
SP,31.72,11.73,600.0,6750.0,b'moveis_decoracao',SP,2018,0.0,0.0,0.0,0.0,0.0,0.0,0.0,0,0,0,81.877398,8559.48055,350875.393133,5.0
SP,32.43,7.44,100.0,1280.0,b'informatica_acessorios',SP,2018,110.335,104.665,70.296459,12183.504286,9.868565,6.4,11.552505,0,0,1,23.505313,4262.101729,488209.852444,4.0
SP,61.94,24.96,190.0,2340.0,b'beleza_saude',PR,2017,179.699615,123.555,186.008082,26497.61,11.380656,10.80203,11.886244,0,0,1,473.163641,12683.026217,291113.407386,6.0
SP,31.78,7.78,200.0,7480.0,b'esporte_lazer',SP,2017,152.045871,92.67,217.085211,26233.63,11.833202,11.265306,11.846389,0,0,1,27.442316,15763.012739,343516.704227,5.0
SP,92.44,17.44,1300.0,8246.0,b'cama_mesa_banho',SP,2018,163.602118,101.125,207.540138,31438.5,15.805472,14.517986,14.586934,0,0,1,200.765873,15548.115281,421109.470293,10.0
SP,162.55,12.55,200.0,2805.0,b'beleza_saude',SP,2018,225.2675,91.795,299.015874,31722.644286,16.966953,16.553191,13.715038,1,0,0,332.316707,2425.737412,455464.133916,10.0
RJ,190.37,40.38,6550.0,8000.0,b'informatica_acessorios',MG,2017,146.480667,100.08,172.089118,19931.708571,12.637318,13.281915,11.846389,0,0,1,337.116869,11228.478553,343516.704227,10.0
RJ,228.33,33.53,2250.0,9350.0,b'cama_mesa_banho',SP,2017,171.089598,111.17,214.438621,26340.533333,11.765762,12.847222,11.846389,0,0,1,425.097767,9755.181079,343516.704227,17.0
SP,48.15,14.1,433.0,6300.0,b'esporte_lazer',MG,2017,166.14875,103.165,222.803743,32840.95,10.637169,11.81203,11.846389,0,0,0,463.019656,20122.23936,343516.704227,11.0
SP,166.98,7.98,350.0,352.0,b'relogios_presentes',SP,2018,143.521038,96.695,145.719583,34726.502857,15.223332,17.168498,14.586934,0,0,0,93.672966,20957.62326,421109.470293,7.0
SP,51.07,15.1,400.0,10764.0,b'cama_mesa_banho',MG,2017,126.054516,94.75,104.646368,39187.948571,12.972208,13.765152,11.723562,0,1,1,608.61108,4499.905426,343480.138209,16.0
SP,28.34,9.34,450.0,6825.0,b'utilidades_domesticas',SP,2017,184.298643,105.37,295.904466,24362.647143,13.283123,11.373874,11.886244,0,0,0,13.254743,11583.701444,291113.407386,1.0
SP,51.01,16.11,1000.0,6000.0,b'moveis_decoracao',PR,2017,158.053911,102.305,174.920883,32450.058571,10.548577,11.257813,11.846389,0,0,0,330.074066,12662.738601,343516.704227,7.0
SP,37.27,8.27,200.0,6992.0,b'informatica_acessorios',SP,2017,153.49287,95.21,170.620632,29695.538571,11.366604,11.052174,11.846389,0,0,1,86.915839,5491.322893,343516.704227,3.0
SP,68.13,18.23,425.0,3240.0,b'beleza_saude',RJ,2018,154.011724,106.0,154.858919,44909.605714,15.956102,14.991304,14.949342,1,0,0,514.229672,5666.869626,390767.341004,7.0
SP,164.63,44.64,6550.0,8000.0,b'informatica_acessorios',MG,2018,156.955534,99.65,233.737464,40317.415714,11.137556,9.174419,9.806023,0,0,1,261.104243,20767.3481,424423.205949,10.0
SP,87.32,7.42,150.0,4096.0,b'informatica_acessorios',SP,2018,163.764188,108.9,213.609864,49372.958571,11.394114,9.16338,16.552935,0,0,1,99.729518,28540.149545,471112.176282,13.0
RJ,189.37,40.37,6550.0,8000.0,b'informatica_acessorios',MG,2018,147.593276,104.715,166.697669,37965.977143,13.154252,13.464286,13.715038,0,0,0,332.814637,22443.295487,455464.133916,7.0
RJ,53.2,28.2,300.0,19440.0,b'esporte_lazer',SP,2018,147.593276,104.715,166.697669,37965.977143,13.154252,13.464286,13.715038,0,0,0,330.741872,22443.295487,455464.133916,21.0
SP,102.48,12.58,750.0,12000.0,b'moveis_decoracao',SP,2018,154.196096,116.575,139.922443,30766.407143,16.37013,23.0,13.715038,0,0,0,59.859405,13134.717058,455464.133916,3.0
SP,340.07,10.07,400.0,2992.0,b'beleza_saude',SP,2018,149.366946,107.525,159.558268,39582.264286,14.742362,22.5,16.552935,0,0,0,5.884404,27903.143629,471112.176282,2.0
SP,327.62,51.62,20100.0,117242.0,b'utilidades_domesticas',MG,2018,130.91069,117.75,90.170709,35017.491429,12.81893,12.327434,15.685915,1,0,0,247.539264,9135.602156,350875.393133,9.0
SP,122.06,30.17,2800.0,21664.0,b'cama_mesa_banho',SP,2018,175.83511,106.78,321.117563,37893.29,17.668932,13.517544,16.552935,0,0,1,293.947733,23446.588699,471112.176282,7.0
SP,46.59,12.69,450.0,4800.0,b'cama_mesa_banho',SP,2018,151.033594,105.72,150.477058,29430.051429,15.750398,14.960714,13.715038,0,0,0,300.215157,16469.641876,455464.133916,11.0
SP,58.59,12.69,600.0,1800.0,b'moveis_decoracao',SP,2017,171.157592,101.93,215.97217,25120.108571,12.267415,11.616,11.846389,0,0,0,318.778481,17220.374037,343516.704227,12.0
SP,135.21,16.46,2550.0,27216.0,b'moveis_decoracao',SP,2018,150.976151,104.975,226.284798,34334.654286,14.691213,14.048193,14.586934,0,0,1,310.279995,14637.40666,421109.470293,9.0
RJ,54.1,15.1,700.0,2912.0,b'esporte_lazer',SP,2018,154.196096,116.575,139.922443,30766.407143,16.37013,23.0,13.715038,0,0,0,500.756763,13134.717058,455464.133916,11.0
SP,93.44,23.46,2000.0,15872.0,b'moveis_decoracao',SP,2017,171.001906,105.33,239.716305,38678.341429,10.413725,11.026756,11.723562,0,1,1,55.529943,16866.037058,343480.138209,6.0
SP,109.18,12.18,500.0,7128.0,b'esporte_lazer',SP,2017,115.233873,85.14,85.48202,20211.788333,10.06759,10.210526,10.36886,0,0,0,304.749524,13218.557754,254990.21744,12.0
SP,247.04,31.04,2000.0,15264.0,b'relogios_presentes',RJ,2018,136.809776,104.06,120.459687,36824.557143,12.957319,13.617555,15.685915,0,0,0,287.120777,16562.401382,350875.393133,15.0
SP,107.65,12.62,1500.0,11700.0,b'cama_mesa_banho',SP,2017,111.890769,91.66,107.145481,22598.834286,10.860524,10.043478,11.886244,1,0,0,72.514863,4025.883311,291113.407386,3.0
SP,116.2,11.3,750.0,18750.0,b'esporte_lazer',SP,2017,146.32375,113.77,127.605593,14291.518571,11.176915,8.835052,11.572975,0,0,1,34.233158,274.539097,176081.63596,4.0
SP,199.24,19.34,2950.0,20615.0,b'cama_mesa_banho',SP,2018,169.781787,101.15,253.076443,49446.338571,10.682573,16.526316,16.552935,0,0,0,112.241399,35668.44615,471112.176282,9.0
SP,133.18,13.28,2900.0,8000.0,b'esporte_lazer',SP,2018,164.664059,104.53,192.360704,41863.845714,14.303145,11.524272,14.949342,0,0,1,203.299213,3319.753068,390767.341004,11.0
SP,82.57,14.57,1625.0,4080.0,b'informatica_acessorios',SP,2018,161.738085,101.5,225.359252,48035.841429,11.604527,10.155807,16.552935,0,0,1,273.880069,24355.661471,471112.176282,6.0
SP,411.69,15.79,2900.0,32736.0,b'esporte_lazer',SP,2017,203.873264,118.045,283.886413,26608.711667,12.017234,11.283333,11.846389,0,0,1,367.585186,9235.93388,343516.704227,20.0
SP,52.24,9.34,500.0,2736.0,b'moveis_decoracao',SP,2017,167.910226,101.74,201.404231,26511.02,12.189911,10.985646,11.02144,0,0,1,28.638829,11049.962423,304388.330097,4.0
SP,49.88,7.39,150.0,6250.0,b'beleza_saude',SP,2018,158.048392,101.285,225.238052,35918.457143,17.651711,15.890909,16.552935,0,0,0,27.490233,19321.393908,471112.176282,4.0
SP,150.17,12.17,4867.0,56000.0,b'cama_mesa_banho',SP,2018,134.585792,99.72,142.805066,27501.01,15.414838,13.453125,13.715038,0,0,1,11.140678,16852.639435,455464.133916,11.0
SP,126.8,11.9,1600.0,7616.0,b'cama_mesa_banho',SP,2018,179.296989,99.215,259.708871,37844.802857,16.67118,18.518519,14.949342,0,0,0,149.441841,20423.937563,390767.341004,4.0
SP,126.03,13.13,966.0,26730.0,b'brinquedos',SP,2017,154.921742,105.28,231.634895,19758.335714,12.431678,10.301887,11.02144,0,0,1,57.828402,9102.094345,304388.330097,6.0
SP,41.75,11.85,300.0,5236.0,b'utilidades_domesticas',SP,2017,160.57,160.57,0.0,22532.404286,11.796097,11.051282,11.846389,1,0,0,373.833721,5146.882286,343516.704227,8.0
SP,93.58,12.78,600.0,28000.0,b'cama_mesa_banho',SP,2017,148.204151,107.87,128.529775,20649.562857,12.59306,9.490446,11.02144,0,0,1,189.293367,12217.4063,304388.330097,7.0
SP,132.24,12.34,400.0,23625.0,b'cama_mesa_banho',SP,2017,0.0,0.0,0.0,0.0,0.0,0.0,0.0,1,0,0,306.019545,5921.107654,304388.330097,14.0
RJ,102.87,22.88,2900.0,27000.0,b'esporte_lazer',SP,2017,172.657708,107.42,272.999558,25242.387143,11.487987,11.736041,11.886244,0,0,0,354.820869,10490.123273,291113.407386,12.0
SP,66.63,11.73,1700.0,7590.0,b'cama_mesa_banho',SP,2018,147.695567,88.81,194.603274,37011.132857,14.648013,15.201863,15.685915,0,0,0,60.814728,18164.685452,350875.393133,3.0
RJ,95.31,16.31,1000.0,7140.0,b'utilidades_domesticas',SP,2017,173.482805,101.41,325.26674,19580.775714,13.620073,12.964467,13.725249,0,0,0,286.218592,11529.37969,117455.248491,14.0
SP,43.71,13.71,500.0,2560.0,b'cama_mesa_banho',SP,2018,170.633018,119.51,202.033343,47203.784286,12.303706,17.0,16.552935,0,0,0,299.080935,30796.301197,471112.176282,17.0
SP,148.89,58.9,7750.0,36608.0,b'esporte_lazer',RJ,2017,198.824375,119.47,235.820734,19991.045714,12.304091,12.015707,11.846389,1,0,0,360.913098,5458.01457,343516.704227,10.0
SP,92.8,12.9,900.0,3168.0,b'cama_mesa_banho',SP,2017,159.995235,108.72,193.175081,19630.135714,11.275153,11.876712,11.886244,0,0,1,82.532006,8960.029352,291113.407386,3.0
SP,107.02,11.87,11350.0,51170.0,b'utilidades_domesticas',SP,2017,143.371848,85.75,162.179588,20866.802857,10.865641,10.700935,10.36886,0,0,1,17.971453,12252.321619,254990.21744,3.0
SP,217.36,46.87,21300.0,135520.0,b'moveis_decoracao',SP,2017,153.49287,95.21,170.620632,29695.538571,11.366604,11.052174,11.846389,0,0,1,113.99302,5491.322893,343516.704227,2.0
SP,350.56,10.57,838.0,8232.0,b'beleza_saude',SP,2017,161.950238,96.03,244.96253,18677.377143,13.684119,13.144828,13.725249,0,0,1,12.557176,982.653804,117455.248491,7.0
SP,71.22,11.73,275.0,1404.0,b'beleza_saude',SP,2017,157.22237,112.71,173.857127,24537.27,11.931114,0.0,11.846389,0,0,0,28.297691,14182.058553,343516.704227,2.0
SP,70.07,13.97,950.0,9450.0,b'cama_mesa_banho',SP,2018,158.336958,111.87,181.22245,41118.608571,7.509981,8.240223,11.552505,0,0,1,306.166281,20326.010712,488209.852444,5.0
SP,102.03,12.13,1383.0,20000.0,b'cama_mesa_banho',SP,2017,159.228178,101.73,187.150206,22945.935714,11.884506,12.004444,13.725249,0,0,0,282.350775,12907.662232,117455.248491,9.0
RJ,158.55,18.56,625.0,9867.0,b'brinquedos',SP,2018,154.011724,106.0,154.858919,44909.605714,15.956102,14.991304,14.949342,1,0,0,358.156989,5666.869626,390767.341004,12.0
SP,18.43,7.39,450.0,1800.0,b'beleza_saude',SP,2018,162.453103,99.95,237.349386,26501.764286,15.430572,35.0,16.552935,0,0,0,9.00644,4000.737929,471112.176282,2.0
SP,89.3,9.31,650.0,2160.0,b'esporte_lazer',SP,2018,172.144846,111.69,240.551626,42780.045714,11.351724,10.265861,13.721701,0,0,1,84.244532,20272.484154,481297.418576,3.0
SP,136.64,26.14,5200.0,47930.0,b'brinquedos',SP,2017,156.330938,121.42,122.300549,18949.101429,10.324713,9.713333,10.36886,0,0,1,36.757777,1183.343113,254990.21744,8.0
SP,102.96,12.97,250.0,3960.0,b'beleza_saude',SP,2017,152.045871,92.67,217.085211,26233.63,11.833202,11.265306,11.846389,0,0,1,57.367775,15763.012739,343516.704227,13.0
SP,241.57,31.67,500.0,5556.0,b'esporte_lazer',PR,2018,188.087573,108.53,230.445267,48617.692857,7.75761,8.315104,9.806023,0,0,1,368.046253,5565.531973,424423.205949,3.0
SP,159.58,13.68,115.0,1683.0,b'relogios_presentes',SP,2018,152.726291,107.85,182.42993,36683.072857,8.962561,8.550725,9.806023,0,0,0,297.970196,16726.161351,424423.205949,5.0
SP,75.86,11.06,275.0,2646.0,b'esporte_lazer',SP,2017,49.8,49.8,0.0,8562.668571,11.93053,14.857143,9.861342,1,0,0,283.561742,6204.362323,100733.911078,6.0
SP,148.57,23.67,1400.0,12800.0,b'moveis_decoracao',MG,2018,167.785977,107.41,222.821303,48038.885714,7.617971,8.484932,9.806023,0,0,1,558.060887,29084.609268,424423.205949,7.0
SP,40.81,12.86,150.0,1760.0,b'esporte_lazer',SP,2018,149.347185,101.37,176.11617,43528.085714,11.26894,29.25,11.552505,0,0,0,392.718941,32055.217343,488209.852444,6.0
SP,91.03,21.13,5200.0,31050.0,b'utilidades_domesticas',SP,2018,182.363333,197.58,145.941184,42215.187143,7.725264,5.880435,9.806023,1,0,0,304.389861,14192.500276,424423.205949,3.0
SP,89.6,14.61,3400.0,23100.0,b'esporte_lazer',SP,2018,161.738085,101.5,225.359252,48035.841429,11.604527,10.155807,16.552935,0,0,1,109.322456,24355.661471,471112.176282,4.0
SP,96.54,26.74,7400.0,64768.0,b'utilidades_domesticas',SP,2017,153.17871,92.925,218.7389,22084.025714,12.840349,26.0,10.36886,0,0,0,136.389315,18910.602892,254990.21744,5.0
SP,97.99,8.99,950.0,640.0,b'relogios_presentes',SP,2017,239.571325,116.24,758.611654,9320.034,12.821678,13.929412,9.861342,0,0,1,28.645026,2498.09848,100733.911078,4.0
SP,113.08,15.08,3300.0,12167.0,b'beleza_saude',SP,2018,152.566984,101.55,151.553262,39455.281429,11.101435,7.288026,9.806023,0,0,1,14.938418,20023.473058,424423.205949,5.0
SP,150.56,16.57,2700.0,16632.0,b'cama_mesa_banho',SP,2017,134.889408,92.28,138.390954,19427.338571,10.652064,10.125714,10.36886,0,0,1,300.56563,11549.680449,254990.21744,10.0
RJ,39.09,15.1,100.0,4500.0,b'beleza_saude',SP,2017,150.977421,105.37,174.569529,25622.235714,13.622736,11.401235,11.02144,0,0,1,550.67148,10504.001707,304388.330097,13.0
SP,162.15,12.25,1367.0,16965.0,b'moveis_decoracao',SP,2017,155.269655,95.71,181.353407,26410.224286,11.494873,15.111111,11.02144,0,0,0,5.62627,16533.506509,304388.330097,5.0
SP,206.87,11.97,250.0,1936.0,b'relogios_presentes',SP,2017,173.112151,103.68,330.814083,13202.852857,13.855966,11.302326,11.572975,0,0,1,82.162759,3184.580521,176081.63596,5.0
SP,271.61,22.61,800.0,23520.0,b'informatica_acessorios',MG,2018,149.90125,111.185,161.433474,36980.851429,15.060769,15.177515,14.586934,0,0,1,419.400976,4771.10463,421109.470293,15.0
SP,69.52,16.54,166.0,10260.0,b'beleza_saude',SP,2018,134.780767,104.59,121.482496,22043.92,15.955734,0.0,15.685915,0,0,0,59.829141,28866.393802,350875.393133,4.0
SP,57.8,11.85,350.0,3800.0,b'cama_mesa_banho',SP,2017,157.5332,106.97,163.551287,19773.738571,10.54103,11.088757,10.36886,0,0,0,388.147422,10914.296014,254990.21744,12.0
SP,258.51,8.61,363.0,3042.0,b'relogios_presentes',SP,2018,187.10192,117.79,258.923166,48305.822857,12.079549,11.576037,16.552935,0,0,0,26.85262,30623.818403,471112.176282,15.0
SP,103.55,13.65,1300.0,3080.0,b'cama_mesa_banho',SP,2017,164.631064,105.57,202.295783,28120.974286,13.58895,10.943966,11.02144,0,0,0,137.142329,16916.427412,304388.330097,5.0
SP,63.7,12.7,900.0,23625.0,b'cama_mesa_banho',SP,2017,216.600392,136.6,219.528841,21298.04,11.525485,10.58011,11.886244,0,0,1,288.61728,3583.529046,291113.407386,8.0
SP,212.27,18.27,2500.0,51840.0,b'esporte_lazer',SP,2018,146.362915,96.72,165.432762,32499.034286,14.54052,14.405303,14.586934,0,0,1,340.233351,12222.955869,421109.470293,20.0
SP,99.11,12.11,1300.0,23625.0,b'cama_mesa_banho',SP,2017,157.5332,106.97,163.551287,19773.738571,10.54103,11.088757,10.36886,0,0,0,309.154483,10914.296014,254990.21744,11.0
SP,128.36,42.36,15700.0,97216.0,b'utilidades_domesticas',SP,2017,173.528304,105.38,239.844784,39983.462857,12.257722,12.727869,11.723562,0,1,1,122.028793,14642.728132,343480.138209,5.0
SP,31.75,11.85,600.0,15000.0,b'brinquedos',SP,2017,150.581675,102.03,155.144531,22130.446667,10.298292,10.329268,10.36886,0,0,1,45.970754,12320.772954,254990.21744,6.0
SP,82.98,13.08,2600.0,15000.0,b'moveis_decoracao',SP,2018,60.07,60.07,41.846579,24385.727143,15.51466,11.222222,15.685915,0,0,0,6.211018,503.427417,350875.393133,6.0
SP,57.27,18.37,250.0,2520.0,b'informatica_acessorios',MG,2018,183.830466,112.61,316.135736,42949.447143,11.135274,8.755556,9.806023,0,0,0,341.277565,16157.10594,424423.205949,13.0
SP,94.7,12.7,207.0,2652.0,b'informatica_acessorios',PR,2018,161.68973,133.85,136.447037,27259.815,17.067504,15.338462,15.685915,1,0,0,561.122771,7366.054344,350875.393133,17.0
SP,40.85,11.85,250.0,352.0,b'relogios_presentes',SP,2017,153.566371,90.375,200.706333,15894.89,10.745609,11.078947,11.140125,0,0,1,195.783798,8691.788472,204408.639154,11.0
SP,72.76,12.86,217.0,8000.0,b'esporte_lazer',SP,2018,173.101411,103.455,287.29372,34277.101429,14.435286,13.444444,14.586934,0,0,0,257.295803,24079.96436,421109.470293,20.0
SP,147.9,18.0,1000.0,11700.0,b'brinquedos',SP,2017,166.874242,107.27,146.964507,2699.956667,7.346275,8.5,51.5,0,0,1,133.898244,2632.489855,0.0,7.0
SP,530.01,15.02,750.0,27000.0,b'beleza_saude',SP,2017,224.111795,126.37,476.893624,5546.086667,7.941952,7.416667,7.389867,0,0,1,59.541132,557.651612,26973.463786,5.0
SP,57.38,7.39,150.0,1235.0,b'informatica_acessorios',SP,2018,170.594724,118.085,211.638477,36741.14,15.077519,14.764706,14.586934,0,0,1,9.343913,14038.669952,421109.470293,5.0
SP,253.36,53.56,5000.0,24000.0,b'moveis_decoracao',PR,2018,201.745204,110.875,361.010824,42575.537143,16.859029,14.101227,14.949342,1,0,1,517.203087,1165.502251,390767.341004,7.0
SP,88.45,63.95,2750.0,31460.0,b'moveis_decoracao',SP,2018,150.651993,112.535,148.282412,37537.504286,9.838063,10.022727,13.721701,0,0,0,287.335599,16495.951326,481297.418576,5.0
RJ,266.4,16.5,200.0,8000.0,b'esporte_lazer',SP,2018,136.765915,101.56,126.629519,28296.715714,20.789405,27.423077,13.715038,0,0,0,536.644518,17579.308118,455464.133916,21.0
RJ,44.0,15.1,500.0,1875.0,b'cama_mesa_banho',SP,2017,163.917576,108.19,190.381784,20326.218571,11.148958,10.428571,12.847377,0,0,0,418.331145,8732.784328,250658.264608,11.0
SP,277.65,30.75,3083.0,51500.0,b'cama_mesa_banho',SP,2017,158.842131,99.2,183.479431,34978.944286,10.230087,9.580645,11.723562,1,1,0,57.901859,7341.157161,343480.138209,7.0
SP,80.51,12.61,207.0,2926.0,b'informatica_acessorios',PR,2018,148.135545,101.93,184.283167,36682.812857,14.754947,15.039216,15.685915,0,0,0,535.280216,32217.267503,350875.393133,20.0
SP,276.2,46.7,4000.0,40000.0,b'cama_mesa_banho',SP,2018,134.780767,104.59,121.482496,22043.92,15.955734,0.0,15.685915,0,0,0,34.425781,28866.393802,350875.393133,8.0
SP,134.48,18.68,1400.0,4608.0,b'utilidades_domesticas',SP,2017,158.053911,102.305,174.920883,32450.058571,10.548577,11.257813,11.846389,0,0,0,22.893081,12662.738601,343516.704227,6.0
SP,246.99,37.29,7800.0,45000.0,b'moveis_decoracao',SP,2018,90.735,84.435,58.535089,33828.28,15.822852,13.419355,14.949342,1,0,0,13.550189,5965.757951,390767.341004,2.0
SP,70.14,11.15,200.0,3960.0,b'beleza_saude',SP,2018,164.788226,103.74,199.431178,32662.537143,15.240325,14.240602,14.586934,1,0,0,17.28414,8434.286152,421109.470293,4.0
SP,384.79,14.89,3325.0,27776.0,b'esporte_lazer',SP,2018,442.305714,122.92,832.617889,46012.425714,8.950165,8.163462,9.806023,1,0,0,41.767214,9787.780409,424423.205949,3.0
SP,62.37,13.37,4800.0,30492.0,b'utilidades_domesticas',SP,2017,178.48131,109.68,214.312233,18022.442857,14.116942,12.807692,13.725249,0,0,1,322.630293,3886.09445,117455.248491,4.0
SP,69.17,21.18,8550.0,40625.0,b'utilidades_domesticas',SP,2018,147.682921,107.24,146.199199,33819.387143,12.980247,13.62069,15.685915,0,0,0,115.601694,25357.773985,350875.393133,5.0
RJ,96.8,16.81,2500.0,20000.0,b'informatica_acessorios',SP,2017,256.93,166.83,241.987798,18872.885714,10.677419,9.475,11.140125,1,0,0,362.637183,7264.965878,204408.639154,9.0
RJ,105.08,20.08,3100.0,32760.0,b'utilidades_domesticas',SP,2017,151.328214,117.85,145.627908,19249.975714,10.919457,11.339286,11.886244,0,0,0,366.901255,17042.466423,291113.407386,13.0
SP,37.78,7.78,150.0,1836.0,b'beleza_saude',SP,2018,175.2825,148.255,177.56367,37952.227143,13.114918,13.561224,13.715038,1,0,0,11.710109,11939.789616,455464.133916,4.0
SP,271.23,23.75,639.0,8398.0,b'informatica_acessorios',SP,2018,158.947276,111.31,185.219078,36466.665714,15.031157,15.204403,14.586934,0,0,0,88.12706,12716.33219,421109.470293,10.0
SP,138.82,26.82,1800.0,24192.0,b'cama_mesa_banho',SP,2017,189.938098,110.78,251.881291,21365.408333,11.661881,12.833333,11.02144,0,0,1,354.262087,13973.51743,304388.330097,9.0
SP,44.24,9.34,300.0,5616.0,b'cama_mesa_banho',SP,2017,153.566371,90.375,200.706333,15894.89,10.745609,11.078947,11.140125,0,0,1,16.377042,8691.788472,204408.639154,5.0
SP,67.68,7.78,450.0,15625.0,b'esporte_lazer',SP,2017,130.3801,97.03,117.342947,37290.684286,10.264577,11.766667,11.723562,0,1,0,13.697373,15172.83474,343480.138209,4.0
SP,97.86,8.37,207.0,2926.0,b'informatica_acessorios',SP,2018,157.307835,98.215,206.77057,33355.728571,13.480949,12.454545,13.715038,0,0,0,126.001244,18229.620423,455464.133916,8.0
SP,73.03,14.13,7000.0,32994.0,b'utilidades_domesticas',SP,2018,142.442462,92.89,218.455298,24879.65,16.132388,15.501587,15.685915,0,0,1,34.747357,19347.780149,350875.393133,4.0
SP,283.77,28.77,4900.0,34596.0,b'esporte_lazer',PR,2018,176.216526,115.225,218.140768,38685.251429,10.016051,13.625,13.721701,0,0,0,332.439468,25382.367825,481297.418576,7.0
RJ,404.44,36.44,500.0,4830.0,b'beleza_saude',PR,2018,158.84,110.25,141.726222,39482.74,11.1313,8.085821,13.721701,0,0,1,665.214809,2483.507838,481297.418576,4.0
SP,175.82,16.82,2750.0,40000.0,b'moveis_decoracao',SP,2017,160.779259,102.865,200.972306,21303.184286,13.334704,19.2,11.886244,0,0,0,16.015078,16633.493325,291113.407386,8.0
SP,358.5,9.7,363.0,3042.0,b'relogios_presentes',SP,2017,138.91284,99.73,140.099641,22631.915714,12.08355,11.828571,11.886244,0,0,1,85.111062,423.386484,291113.407386,5.0
SP,181.66,31.66,5100.0,63000.0,b'moveis_decoracao',SP,2018,153.49,103.895,174.533391,34391.242857,9.921734,9.686667,11.552505,0,0,0,10.404171,22637.657096,488209.852444,8.0
SP,198.68,29.93,2.0,6292.0,b'moveis_decoracao',SP,2018,163.848397,113.585,212.072677,40895.157143,11.637926,10.354467,13.721701,0,0,0,20.639074,24067.293641,481297.418576,8.0
SP,55.24,9.34,800.0,8000.0,b'cama_mesa_banho',SP,2018,145.296489,102.13,194.496785,37216.35,13.04561,12.729885,13.715038,0,0,0,22.540836,21857.309571,455464.133916,6.0
SP,38.01,8.11,250.0,1200.0,b'beleza_saude',SP,2017,141.916707,105.515,114.011941,33308.07,16.703369,15.026616,11.723562,0,1,1,115.800668,1622.084038,343480.138209,5.0
RJ,69.44,19.54,600.0,4800.0,b'cama_mesa_banho',SP,2018,306.292,151.18,351.511448,38654.835714,12.070974,9.369565,13.721701,1,0,0,592.713023,10707.148243,481297.418576,7.0
SP,140.14,14.24,1800.0,4500.0,b'cama_mesa_banho',SP,2018,154.873096,111.6,167.824996,45981.09,15.435221,15.877841,14.949342,0,0,0,350.790512,19863.04796,390767.341004,12.0
SP,30.0,15.1,150.0,1750.0,b'moveis_decoracao',PR,2018,151.828774,105.5,163.632595,21034.541429,17.61907,22.181818,13.715038,0,0,0,791.300623,14455.709409,455464.133916,14.0
RJ,196.52,17.02,950.0,8640.0,b'informatica_acessorios',SP,2017,145.94623,100.15,181.093355,26098.034286,11.582337,11.267857,11.886244,0,0,0,295.618408,19556.339214,291113.407386,14.0
SP,86.54,11.55,1813.0,37788.0,b'cama_mesa_banho',SP,2018,182.363333,197.58,145.941184,42215.187143,7.725264,5.880435,9.806023,1,0,0,23.347162,14192.500276,424423.205949,2.0
SP,398.98,9.98,275.0,2040.0,b'relogios_presentes',SP,2018,165.294933,123.16,160.011189,31556.324286,9.818917,16.222222,11.552505,0,0,0,28.898312,17932.598295,488209.852444,3.0
SP,114.45,9.55,950.0,8000.0,b'moveis_decoracao',SP,2017,154.800058,101.25,218.899729,19871.62,10.783298,11.588517,10.36886,0,0,0,16.368212,6958.571248,254990.21744,5.0
SP,61.36,11.37,600.0,4096.0,b'utilidades_domesticas',SP,2018,163.659758,108.42,201.78268,42752.932857,11.433647,9.987179,13.721701,0,0,0,30.022203,20582.075372,481297.418576,1.0
SP,176.74,16.75,2288.0,16632.0,b'cama_mesa_banho',SP,2017,143.371848,85.75,162.179588,20866.802857,10.865641,10.700935,10.36886,0,0,1,310.038888,12252.321619,254990.21744,5.0
SP,37.9,14.1,283.0,11040.0,b'esporte_lazer',MG,2017,152.045871,92.67,217.085211,26233.63,11.833202,11.265306,11.846389,0,0,1,493.402952,15763.012739,343516.704227,10.0
SP,136.6,17.6,6550.0,8000.0,b'informatica_acessorios',MG,2018,154.011724,106.0,154.858919,44909.605714,15.956102,14.991304,14.949342,1,0,0,376.341908,5666.869626,390767.341004,8.0
RJ,97.81,16.82,1650.0,5148.0,b'beleza_saude',SP,2018,161.68973,133.85,136.447037,27259.815,17.067504,15.338462,15.685915,1,0,0,338.191255,7366.054344,350875.393133,14.0
SP,325.1,25.1,400.0,5610.0,b'beleza_saude',SP,2018,147.682921,107.24,146.199199,33819.387143,12.980247,13.62069,15.685915,0,0,0,353.31633,25357.773985,350875.393133,9.0
SP,159.31,14.41,2150.0,10098.0,b'cama_mesa_banho',SP,2017,153.49287,95.21,170.620632,29695.538571,11.366604,11.052174,11.846389,0,0,1,55.489335,5491.322893,343516.704227,10.0
SP,31.73,11.73,200.0,8000.0,b'esporte_lazer',SP,2017,150.581675,102.03,155.144531,22130.446667,10.298292,10.329268,10.36886,0,0,1,21.915113,12320.772954,254990.21744,3.0
RJ,29.73,15.23,100.0,5184.0,b'utilidades_domesticas',SP,2018,54.48,54.48,2.998133,48555.102857,8.448086,6.15534,9.806023,1,0,0,304.174449,8056.559912,424423.205949,7.0
SP,142.11,12.11,1450.0,9375.0,b'informatica_acessorios',SP,2017,219.488889,106.805,345.413735,27193.461429,11.561738,10.369565,11.02144,1,0,0,102.475827,6110.978959,304388.330097,12.0
SP,76.99,17.99,2000.0,3125.0,b'utilidades_domesticas',MG,2018,134.32,67.05,161.079081,44519.647143,12.567361,12.145455,16.552935,1,0,0,499.637626,13940.322722,471112.176282,3.0
SP,107.95,12.8,220.0,3432.0,b'informatica_acessorios',PR,2018,148.135545,101.93,184.283167,36682.812857,14.754947,15.039216,15.685915,0,0,0,497.949188,32217.267503,350875.393133,7.0
SP,149.16,9.17,267.0,2856.0,b'relogios_presentes',SP,2018,156.509318,106.81,164.148328,21794.321429,17.263287,13.0,13.715038,0,0,0,38.551436,7527.595876,455464.133916,6.0
SP,149.87,13.97,1350.0,4374.0,b'beleza_saude',SP,2018,139.754382,90.88,158.576067,36744.51,14.6212,14.937107,15.685915,0,0,1,277.233471,14485.245947,350875.393133,17.0
SP,78.64,8.65,325.0,2352.0,b'brinquedos',SP,2018,162.296117,106.34,179.038073,35444.298571,9.866731,9.460976,11.552505,0,0,0,23.630273,18584.084399,488209.852444,4.0
SP,51.92,12.93,850.0,4176.0,b'cama_mesa_banho',SP,2018,177.537486,101.75,426.977285,38259.934286,7.540148,8.20625,11.552505,0,0,1,310.399637,22420.746301,488209.852444,6.0
SP,67.86,7.87,450.0,2560.0,b'cama_mesa_banho',SP,2018,126.860385,95.29,90.348093,33789.817143,15.268982,15.010526,14.586934,1,0,0,66.476596,6929.333652,421109.470293,4.0
RJ,198.66,30.68,1400.0,5120.0,b'cama_mesa_banho',SP,2018,157.928959,116.13,173.376005,36507.037143,13.563282,13.118033,13.715038,0,0,1,774.67383,19133.855655,455464.133916,13.0
SP,53.57,7.58,400.0,10850.0,b'esporte_lazer',SP,2018,159.301354,107.505,181.305805,47950.408571,7.718337,8.002833,9.806023,0,0,1,119.212708,21472.990148,424423.205949,3.0
SP,61.47,8.27,650.0,2560.0,b'cama_mesa_banho',SP,2018,135.589615,112.23,112.496734,22358.825714,19.958873,20.159574,13.715038,1,0,0,68.817898,2410.21133,455464.133916,3.0
SP,138.16,8.16,1500.0,9375.0,b'informatica_acessorios',SP,2017,197.735714,105.87,291.102062,28566.915714,11.964622,11.409836,11.886244,1,0,0,20.009808,7050.706629,291113.407386,1.0
SP,73.34,13.44,600.0,3000.0,b'esporte_lazer',PR,2017,144.913352,91.93,150.891512,19701.037143,10.865025,11.105263,10.36886,0,0,0,697.142241,9506.663405,254990.21744,8.0
SP,273.25,14.25,269.0,2431.0,b'relogios_presentes',SP,2018,185.885575,113.105,276.575596,46575.305714,16.717826,15.141026,14.949342,0,0,1,140.663717,4412.298518,390767.341004,4.0
SP,103.37,14.37,200.0,880.0,b'informatica_acessorios',MG,2017,177.14968,96.88,309.127947,15827.985714,14.192842,16.0,13.725249,0,0,0,493.412315,12564.509113,117455.248491,7.0
SP,55.24,9.34,800.0,8000.0,b'cama_mesa_banho',SP,2018,135.589615,112.23,112.496734,22358.825714,19.958873,20.159574,13.715038,1,0,0,19.064628,2410.21133,455464.133916,8.0
SP,460.18,65.45,20000.0,139625.0,b'cama_mesa_banho',SP,2017,138.376522,120.09,105.934625,15564.477143,10.502691,9.182482,11.140125,0,0,1,346.936575,353.729592,204408.639154,9.0
RJ,68.22,18.23,1110.0,3762.0,b'beleza_saude',SP,2018,167.090285,110.8,193.039992,42911.002857,17.058724,42.25,16.552935,0,0,0,336.120636,18626.342185,471112.176282,9.0
SP,60.0,15.1,550.0,4096.0,b'esporte_lazer',PR,2017,148.204151,107.87,128.529775,20649.562857,12.59306,9.490446,11.02144,0,0,1,599.299645,12217.4063,304388.330097,10.0
RJ,105.33,15.73,325.0,6840.0,b'beleza_saude',MG,2018,153.49,103.895,174.533391,34391.242857,9.921734,9.686667,11.552505,0,0,0,353.657343,22637.657096,488209.852444,6.0
SP,82.68,7.78,117.0,3276.0,b'informatica_acessorios',SP,2018,162.550192,111.77,246.984106,45585.685714,8.83792,7.52809,9.806023,0,0,1,88.153919,2231.871657,424423.205949,3.0
SP,107.42,18.42,1250.0,18432.0,b'utilidades_domesticas',PR,2018,169.637555,90.62,336.533038,38817.924286,8.834644,8.673591,9.806023,0,0,0,340.077045,21592.876477,424423.205949,8.0
SP,97.5,12.5,9400.0,44800.0,b'utilidades_domesticas',SP,2018,167.163844,113.93,192.128,41479.312857,15.670482,13.37766,14.949342,0,0,0,10.884412,15869.929561,390767.341004,4.0
SP,62.27,13.37,1200.0,18144.0,b'cama_mesa_banho',SP,2017,171.089598,111.17,214.438621,26340.533333,11.765762,12.847222,11.846389,0,0,1,299.606445,9755.181079,343516.704227,13.0
SP,341.11,11.12,838.0,8232.0,b'beleza_saude',SP,2017,164.781387,105.74,235.977393,18762.645714,9.579777,10.924658,12.847377,0,0,0,30.802646,7380.946242,250658.264608,1.0
SP,89.31,9.31,1250.0,27000.0,b'moveis_decoracao',SP,2018,163.659758,108.42,201.78268,42752.932857,11.433647,9.987179,13.721701,0,0,0,143.191438,20582.075372,481297.418576,4.0
SP,411.38,41.48,2400.0,110000.0,b'beleza_saude',SP,2017,151.034,110.5,103.564531,5563.425714,15.74038,12.857143,13.725249,1,0,0,35.286711,320.261296,117455.248491,7.0
RJ,126.26,29.27,500.0,5570.0,b'esporte_lazer',SP,2017,478.463333,129.21,649.521715,18141.204286,12.584416,12.02439,11.02144,1,0,0,326.894194,4091.027334,304388.330097,14.0
SP,227.1,17.1,2150.0,34596.0,b'esporte_lazer',SP,2018,128.295172,111.89,80.499887,33695.547143,14.668914,14.31295,14.586934,0,0,1,363.441093,2222.797579,421109.470293,15.0
SP,613.0,13.01,660.0,4256.0,b'relogios_presentes',SP,2017,179.699615,123.555,186.008082,26497.61,11.380656,10.80203,11.886244,0,0,1,13.969711,12683.026217,291113.407386,4.0
SP,127.92,18.02,1136.0,15834.0,b'esporte_lazer',PR,2017,153.405497,105.28,263.427004,14015.725714,10.494637,4.888889,12.847377,0,0,1,376.475186,4857.064399,250658.264608,10.0
SP,131.94,12.04,2500.0,16800.0,b'utilidades_domesticas',SP,2018,136.178317,103.33,146.81287,22731.89,16.08246,14.560472,15.685915,0,0,1,72.309205,25038.629263,350875.393133,6.0
SP,370.72,20.73,5300.0,34263.0,b'moveis_decoracao',PR,2017,164.3725,69.42,151.156354,1303.896667,6.92629,7.0,51.5,0,0,0,347.244857,2150.743466,0.0,6.0
SP,130.0,31.0,14900.0,96000.0,b'moveis_decoracao',SP,2017,172.050319,98.89,225.105232,20417.861429,12.36619,15.3125,11.846389,0,0,1,54.719158,11854.841539,343516.704227,14.0
RJ,75.53,15.63,700.0,4200.0,b'moveis_decoracao',SP,2017,146.715233,109.725,129.439023,10472.137143,8.714002,9.722772,7.389867,0,0,0,554.130809,6249.281098,26973.463786,7.0
SP,112.43,15.43,115.0,2288.0,b'informatica_acessorios',MG,2017,142.982937,104.73,140.608045,17225.841429,14.384096,14.654545,13.725249,0,0,0,485.192456,9945.821496,117455.248491,8.0
SP,45.86,10.96,500.0,352.0,b'utilidades_domesticas',SP,2017,38.42,38.42,0.0,9820.188333,11.093137,0.0,7.389867,0,0,0,334.385865,0.0,26973.463786,6.0
SP,278.91,33.51,10500.0,90972.0,b'utilidades_domesticas',SP,2018,174.49672,112.65,234.242534,45927.521429,7.647275,8.280543,9.806023,0,0,0,26.247293,26034.034785,424423.205949,5.0
SP,220.04,15.04,9750.0,12600.0,b'cama_mesa_banho',SP,2017,256.93,166.83,241.987798,18872.885714,10.677419,9.475,11.140125,1,0,0,43.713393,7264.965878,204408.639154,7.0
SP,37.75,11.85,350.0,4800.0,b'cama_mesa_banho',SP,2017,177.14968,96.88,309.127947,15827.985714,14.192842,16.0,13.725249,0,0,0,308.728969,12564.509113,117455.248491,9.0
SP,133.76,13.86,1650.0,4692.0,b'cama_mesa_banho',SP,2017,115.233873,85.14,85.48202,20211.788333,10.06759,10.210526,10.36886,0,0,0,62.019488,13218.557754,254990.21744,12.0
SP,89.3,9.31,750.0,5250.0,b'utilidades_domesticas',SP,2018,168.608852,109.86,180.532999,39862.248571,8.995483,8.278997,9.806023,0,0,1,83.700295,19790.994534,424423.205949,7.0
SP,140.34,16.54,312.0,6480.0,b'informatica_acessorios',SP,2017,129.0925,91.165,122.584698,19696.837143,10.294873,10.59434,10.36886,0,0,0,81.240087,12610.661578,254990.21744,8.0
SP,55.54,9.34,6850.0,27000.0,b'utilidades_domesticas',SP,2017,120.173333,129.79,56.727381,19868.865714,10.469906,9.1875,11.140125,1,0,0,85.811876,3475.184066,204408.639154,10.0
SP,82.4,13.5,975.0,4992.0,b'beleza_saude',SP,2018,225.2675,91.795,299.015874,31722.644286,16.966953,16.553191,13.715038,1,0,0,290.862336,2425.737412,455464.133916,17.0
SP,137.99,18.09,2500.0,22050.0,b'moveis_decoracao',PR,2018,130.91069,117.75,90.170709,35017.491429,12.81893,12.327434,15.685915,1,0,0,705.599116,9135.602156,350875.393133,9.0
SP,115.22,12.22,525.0,5832.0,b'esporte_lazer',SP,2017,150.977421,105.37,174.569529,25622.235714,13.622736,11.401235,11.02144,0,0,1,252.885648,10504.001707,304388.330097,4.0
SP,129.39,29.49,7413.0,59972.0,b'cama_mesa_banho',SP,2018,182.13625,139.795,177.899632,29850.881429,13.875819,15.172043,13.715038,1,0,0,117.758247,5745.475222,455464.133916,7.0
SP,47.68,7.78,200.0,1408.0,b'brinquedos',SP,2017,132.176783,96.8,128.545575,15373.385714,10.668204,13.625,12.847377,0,0,0,9.399879,10435.72261,250658.264608,5.0
SP,82.33,12.43,2600.0,15000.0,b'moveis_decoracao',SP,2018,161.165,111.87,189.13024,39478.931429,17.635127,12.909535,16.552935,0,0,1,28.906124,21860.252841,471112.176282,3.0
SP,97.56,17.76,1000.0,6300.0,b'brinquedos',SP,2018,175.83511,106.78,321.117563,37893.29,17.668932,13.517544,16.552935,0,0,1,21.150688,23446.588699,471112.176282,3.0
SP,55.04,7.39,1110.0,3762.0,b'beleza_saude',SP,2018,143.521038,96.695,145.719583,34726.502857,15.223332,17.168498,14.586934,0,0,0,64.700134,20957.62326,421109.470293,8.0
SP,113.44,14.44,2400.0,2268.0,b'moveis_decoracao',MG,2018,148.135545,101.93,184.283167,36682.812857,14.754947,15.039216,15.685915,0,0,0,475.103168,32217.267503,350875.393133,16.0
SP,19.39,7.39,150.0,12420.0,b'esporte_lazer',SP,2018,153.792709,112.67,133.966777,33020.081429,9.607138,15.5,11.552505,0,0,0,21.993212,18306.088923,488209.852444,3.0
SP,278.19,28.19,13650.0,70875.0,b'moveis_decoracao',SP,2017,149.773496,106.83,164.994885,32158.368571,10.688338,8.804348,11.846389,0,0,0,45.713992,22102.810093,343516.704227,16.0
SP,211.89,12.89,550.0,3200.0,b'relogios_presentes',SP,2018,151.828774,105.5,163.632595,21034.541429,17.61907,22.181818,13.715038,0,0,0,260.186117,14455.709409,455464.133916,11.0
SP,53.0,14.1,300.0,2520.0,b'informatica_acessorios',MG,2018,161.68973,133.85,136.447037,27259.815,17.067504,15.338462,15.685915,1,0,0,490.047359,7366.054344,350875.393133,15.0
SP,42.5,12.51,2900.0,14000.0,b'moveis_decoracao',SP,2018,156.528327,114.52,154.057749,38381.315714,12.888317,12.046595,13.721701,0,0,0,56.679191,15560.116431,481297.418576,7.0
SP,168.07,57.08,6100.0,141750.0,b'moveis_decoracao',PR,2017,172.227692,118.93,141.252648,26261.043333,11.595447,10.063218,11.846389,0,0,1,413.981159,1690.100025,343516.704227,22.0
SP,235.75,15.85,1450.0,10500.0,b'beleza_saude',SP,2018,147.350846,113.88,144.881984,33511.825714,9.741057,9.342342,11.552505,0,0,1,158.293603,16048.97804,488209.852444,10.0
SP,101.73,11.83,750.0,9900.0,b'moveis_decoracao',SP,2017,172.227692,118.93,141.252648,26261.043333,11.595447,10.063218,11.846389,0,0,1,63.383225,1690.100025,343516.704227,9.0
SP,46.58,7.78,300.0,1920.0,b'esporte_lazer',SP,2018,165.984118,106.25,181.951401,36270.518571,14.704864,14.776786,15.685915,1,0,0,12.901947,9663.133325,350875.393133,2.0
SP,74.5,14.51,1550.0,9990.0,b'cama_mesa_banho',SP,2018,154.851445,113.05,178.839639,47455.257143,11.913726,10.784,16.552935,0,0,0,280.875707,22895.284932,471112.176282,17.0
SP,231.87,13.87,1400.0,18850.0,b'esporte_lazer',SP,2017,159.004757,102.66,208.848077,22155.541667,10.541911,0.0,11.02144,0,0,0,287.339489,14862.051914,304388.330097,11.0
SP,28.59,12.69,1000.0,3500.0,b'cama_mesa_banho',SP,2017,210.194207,109.58,569.639556,19312.408571,9.615022,4.0,12.847377,0,0,0,45.507999,9792.951707,250658.264608,13.0
SP,180.79,14.93,2400.0,42000.0,b'cama_mesa_banho',SP,2017,175.750721,99.67,317.350462,13249.402857,13.306906,11.330508,11.572975,0,0,0,318.843158,5118.344555,176081.63596,10.0
SP,151.49,21.99,1250.0,9000.0,b'moveis_decoracao',PR,2018,182.696302,115.555,227.349653,21043.361429,15.372546,11.162162,13.721701,0,0,0,355.547411,27082.710469,481297.418576,15.0
RJ,189.37,40.37,6550.0,8000.0,b'informatica_acessorios',MG,2018,148.941639,101.25,147.380533,34321.814286,13.433079,14.378049,13.715038,0,0,0,343.195425,17768.186978,455464.133916,10.0
SP,102.73,58.73,12150.0,109200.0,b'utilidades_domesticas',SP,2018,170.633018,119.51,202.033343,47203.784286,12.303706,17.0,16.552935,0,0,0,111.504994,30796.301197,471112.176282,2.0
SP,108.12,28.14,2000.0,8810.0,b'cama_mesa_banho',SP,2018,170.633018,119.51,202.033343,47203.784286,12.303706,17.0,16.552935,0,0,0,292.358611,30796.301197,471112.176282,5.0
RJ,230.0,0.0,1168.0,4576.0,b'relogios_presentes',SP,2018,179.338817,105.315,261.721228,48319.182857,13.922536,12.3531,16.552935,0,0,0,496.031694,23276.77906,471112.176282,11.0
SP,48.28,18.38,600.0,1280.0,b'moveis_decoracao',MG,2018,54.48,54.48,2.998133,48555.102857,8.448086,6.15534,9.806023,1,0,0,468.402975,8056.559912,424423.205949,8.0
SP,157.24,12.24,335.0,2992.0,b'relogios_presentes',SP,2018,149.366946,107.525,159.558268,39582.264286,14.742362,22.5,16.552935,0,0,0,302.614001,27903.143629,471112.176282,8.0
SP,33.62,8.72,250.0,8100.0,b'utilidades_domesticas',SP,2017,171.089598,111.17,214.438621,26340.533333,11.765762,12.847222,11.846389,0,0,1,111.74194,9755.181079,343516.704227,12.0
RJ,164.79,15.79,3550.0,23625.0,b'cama_mesa_banho',SP,2017,177.796267,106.16,277.977632,23304.957143,11.806908,13.0,11.846389,0,0,0,550.555058,16648.603912,343516.704227,20.0
SP,62.68,12.69,1200.0,14400.0,b'beleza_saude',SP,2017,159.228178,101.73,187.150206,22945.935714,11.884506,12.004444,13.725249,0,0,0,207.25438,12907.662232,117455.248491,8.0
SP,34.0,14.1,150.0,1920.0,b'cama_mesa_banho',RJ,2017,166.14875,103.165,222.803743,32840.95,10.637169,11.81203,11.846389,0,0,0,360.603794,20122.23936,343516.704227,5.0
SP,212.34,22.54,900.0,4080.0,b'brinquedos',SP,2017,163.019911,102.245,198.882049,12734.691429,12.927505,10.918033,11.572975,0,0,0,308.454667,8814.468704,176081.63596,11.0
SP,83.75,13.85,600.0,15000.0,b'brinquedos',SP,2018,168.727411,104.85,262.690283,36702.774286,15.843978,22.25,14.949342,0,0,0,31.334501,29743.23519,390767.341004,10.0
SP,58.62,8.72,450.0,4800.0,b'cama_mesa_banho',SP,2017,161.101311,104.21,368.76486,40636.452857,11.954804,13.643646,11.723562,0,1,0,14.316896,16064.413604,343480.138209,5.0
SP,136.92,15.92,1350.0,5544.0,b'beleza_saude',PR,2018,182.363333,197.58,145.941184,42215.187143,7.725264,5.880435,9.806023,1,0,0,320.775327,14192.500276,424423.205949,3.0
SP,92.97,11.77,1400.0,12818.0,b'brinquedos',SP,2017,139.82275,98.83,131.412715,37321.215714,10.210064,11.163009,11.723562,0,1,0,24.652129,26502.630735,343480.138209,5.0
SP,81.96,9.34,825.0,15288.0,b'esporte_lazer',SP,2017,182.472391,99.825,300.998966,28462.505714,11.703354,10.242424,11.846389,0,0,1,11.419687,10830.692676,343516.704227,5.0
SP,173.16,28.46,2650.0,12120.0,b'moveis_decoracao',SP,2018,165.564021,116.94,164.101484,37033.297143,16.412083,16.3297,14.949342,0,0,0,350.790512,17089.369787,390767.341004,8.0
SP,148.33,9.33,300.0,2205.0,b'utilidades_domesticas',SP,2018,151.489145,106.78,181.260866,47235.041429,15.180389,15.014528,14.949342,0,0,1,9.27203,20584.16602,390767.341004,3.0
SP,334.67,74.77,12200.0,102816.0,b'moveis_decoracao',PR,2017,196.655961,104.85,291.813102,23629.967143,10.805324,10.747826,11.02144,0,0,0,316.544106,17460.041278,304388.330097,6.0
SP,163.06,14.06,1250.0,6720.0,b'esporte_lazer',SP,2018,134.585792,99.72,142.805066,27501.01,15.414838,13.453125,13.715038,0,0,1,212.002179,16852.639435,455464.133916,9.0
RJ,95.34,15.44,150.0,4096.0,b'informatica_acessorios',SP,2018,184.891053,125.33,119.382388,49571.878571,10.840104,8.741071,16.552935,1,0,0,394.471467,11391.747498,471112.176282,16.0
RJ,140.04,15.04,200.0,1056.0,b'relogios_presentes',SP,2017,137.385652,103.86,119.798085,9650.5,13.900744,13.907801,13.725249,0,0,0,384.598711,3893.901894,117455.248491,22.0
SP,38.27,8.37,320.0,11648.0,b'beleza_saude',SP,2018,54.48,54.48,2.998133,48555.102857,8.448086,6.15534,9.806023,1,0,0,27.480264,8056.559912,424423.205949,2.0
SP,37.61,7.71,250.0,1200.0,b'beleza_saude',SP,2018,164.788226,103.74,199.431178,32662.537143,15.240325,14.240602,14.586934,1,0,0,141.571522,8434.286152,421109.470293,3.0
SP,164.32,8.35,363.0,3042.0,b'relogios_presentes',SP,2018,147.350846,113.88,144.881984,33511.825714,9.741057,9.342342,11.552505,0,0,1,82.859999,16048.97804,488209.852444,11.0
SP,47.86,12.96,3700.0,32384.0,b'utilidades_domesticas',SP,2018,149.90125,111.185,161.433474,36980.851429,15.060769,15.177515,14.586934,0,0,1,144.185524,4771.10463,421109.470293,1.0
SP,162.64,14.64,9750.0,12600.0,b'cama_mesa_banho',SP,2017,164.631064,105.57,202.295783,28120.974286,13.58895,10.943966,11.02144,0,0,0,12.422406,16916.427412,304388.330097,4.0
RJ,88.29,18.29,1850.0,27000.0,b'moveis_decoracao',SP,2018,168.655023,116.83,237.448433,35075.228571,9.68397,8.741259,13.721701,0,0,0,336.298227,13782.963308,481297.418576,11.0
SP,322.17,23.17,2850.0,8349.0,b'moveis_decoracao',PR,2018,180.9525,152.345,161.884717,41625.317143,17.092107,14.564356,14.949342,1,0,0,351.776626,10054.768897,390767.341004,7.0
SP,24.35,11.85,150.0,5984.0,b'esporte_lazer',SP,2018,285.14,285.14,0.0,28466.845714,16.413277,20.4,13.715038,1,0,0,128.764009,14.977141,455464.133916,7.0
SP,131.76,11.86,1350.0,3312.0,b'cama_mesa_banho',SP,2018,110.335,104.665,70.296459,12183.504286,9.868565,6.4,11.552505,0,0,1,152.848274,4262.101729,488209.852444,4.0
SP,58.29,8.4,1110.0,3762.0,b'beleza_saude',SP,2018,173.101411,103.455,287.29372,34277.101429,14.435286,13.444444,14.586934,0,0,0,10.562324,24079.96436,421109.470293,3.0
SP,56.78,7.78,300.0,640.0,b'relogios_presentes',SP,2017,186.783209,106.16,225.686713,28744.527143,12.665056,10.58209,11.886244,0,0,1,23.728826,10164.030367,291113.407386,2.0
RJ,58.32,19.32,550.0,1710.0,b'cama_mesa_banho',SP,2018,161.738085,101.5,225.359252,48035.841429,11.604527,10.155807,16.552935,0,0,1,536.100387,24355.661471,471112.176282,21.0
RJ,134.51,18.61,5450.0,23826.0,b'moveis_decoracao',SP,2018,157.501765,105.94,207.759447,44006.947143,7.686666,6.666667,9.806023,0,0,0,318.208903,32804.760617,424423.205949,22.0
RJ,304.73,24.83,1743.0,18096.0,b'esporte_lazer',PR,2017,148.749213,87.73,229.50273,14232.024286,10.484476,10.91791,11.140125,0,0,0,703.879453,13990.689468,204408.639154,11.0
SP,24.72,11.73,1150.0,10000.0,b'utilidades_domesticas',SP,2017,170.919272,117.6,172.799682,18785.982857,12.902686,12.0,11.846389,0,0,0,117.411304,9623.066166,343516.704227,10.0
SP,168.02,19.12,7474.0,62640.0,b'cama_mesa_banho',SP,2018,283.392727,224.97,248.263511,42382.82,17.066374,17.132653,14.949342,1,0,0,220.199322,7407.26039,390767.341004,8.0
RJ,85.58,15.59,650.0,7680.0,b'esporte_lazer',SP,2018,98.033333,111.52,47.498752,34814.592857,9.487977,8.650602,11.552505,1,0,0,323.806285,4514.490619,488209.852444,6.0
SP,72.75,12.76,950.0,17500.0,b'beleza_saude',SP,2018,151.828774,105.5,163.632595,21034.541429,17.61907,22.181818,13.715038,0,0,0,243.077676,14455.709409,455464.133916,5.0
RJ,79.2,14.2,491.0,3648.0,b'esporte_lazer',SP,2017,154.255893,101.8,196.326533,28541.915714,11.778019,15.714286,11.886244,0,0,0,397.438313,16836.765652,291113.407386,9.0
SP,133.93,9.03,600.0,16200.0,b'beleza_saude',SP,2018,158.525013,108.87,195.231916,47510.038571,8.647194,11.5,9.806023,0,0,0,31.993377,32515.505354,424423.205949,5.0
SP,34.59,12.69,2700.0,6480.0,b'informatica_acessorios',SP,2017,167.910226,101.74,201.404231,26511.02,12.189911,10.985646,11.02144,0,0,1,285.070056,11049.962423,304388.330097,5.0
SP,63.7,12.7,900.0,3564.0,b'informatica_acessorios',SP,2017,170.919272,117.6,172.799682,18785.982857,12.902686,12.0,11.846389,0,0,0,293.071243,9623.066166,343516.704227,9.0
SP,62.78,7.78,200.0,640.0,b'relogios_presentes',SP,2018,136.765915,101.56,126.629519,28296.715714,20.789405,27.423077,13.715038,0,0,0,15.81833,17579.308118,455464.133916,2.0
SP,27.4,7.4,100.0,2560.0,b'cama_mesa_banho',SP,2018,163.697283,99.18,341.361904,38570.121429,10.53526,9.196721,13.721701,0,0,1,30.321762,3017.643687,481297.418576,1.0
SP,35.23,15.23,320.0,3724.0,b'beleza_saude',PR,2018,180.084713,111.33,242.28335,45435.655714,13.999985,15.073846,13.721701,0,0,1,330.378805,19558.612846,481297.418576,11.0
SP,99.9,0.0,584.0,2288.0,b'relogios_presentes',SP,2018,149.366946,107.525,159.558268,39582.264286,14.742362,22.5,16.552935,0,0,0,304.144773,27903.143629,471112.176282,12.0
SP,76.99,17.09,1500.0,6450.0,b'cama_mesa_banho',MG,2017,176.045763,105.955,251.979372,11650.091429,14.005053,12.966667,13.725249,0,0,1,258.2054,2341.402447,117455.248491,13.0
SP,64.0,30.2,820.0,6552.0,b'moveis_decoracao',PR,2017,272.522273,114.895,539.804389,16525.65,11.485929,11.990909,11.140125,0,0,1,377.43545,1929.506324,204408.639154,3.0
RJ,214.54,34.74,2700.0,6624.0,b'cama_mesa_banho',SP,2017,173.441818,97.2,225.371713,13080.214286,11.102992,11.088889,9.861342,0,0,0,441.254981,6012.901465,100733.911078,7.0
SP,79.24,9.34,950.0,11550.0,b'brinquedos',SP,2018,163.927708,107.53,183.524248,33118.39,13.167552,14.270358,15.685915,0,0,0,96.840162,17088.035922,350875.393133,7.0
SP,98.44,9.44,600.0,2592.0,b'informatica_acessorios',SP,2017,163.917576,108.19,190.381784,20326.218571,11.148958,10.428571,12.847377,0,0,0,23.702929,8732.784328,250658.264608,8.0
RJ,91.19,31.21,1100.0,5120.0,b'cama_mesa_banho',SP,2017,156.845627,111.02,176.782744,40650.198571,14.660276,15.557632,11.723562,0,1,1,575.928346,13579.811047,343480.138209,12.0
SP,79.47,11.97,600.0,2560.0,b'cama_mesa_banho',SP,2017,152.045871,92.67,217.085211,26233.63,11.833202,11.265306,11.846389,0,0,1,295.767221,15763.012739,343516.704227,10.0
SP,152.88,13.88,3500.0,7875.0,b'beleza_saude',SP,2018,187.10192,117.79,258.923166,48305.822857,12.079549,11.576037,16.552935,0,0,0,30.072633,30623.818403,471112.176282,7.0
SP,132.16,12.17,1900.0,36190.0,b'beleza_saude',SP,2018,169.586402,116.9,209.749791,43343.128571,16.083124,16.087227,14.949342,0,0,0,154.379432,18052.263947,390767.341004,7.0
SP,580.44,70.44,710.0,3458.0,b'relogios_presentes',SP,2018,146.652034,100.23,178.509146,36049.144286,14.77198,15.841772,14.586934,0,0,0,283.344401,21694.682189,421109.470293,15.0
SP,56.78,7.78,250.0,352.0,b'relogios_presentes',SP,2017,151.771518,103.55,211.093078,22752.575714,11.728496,11.83871,11.846389,0,0,0,25.866295,14707.887318,343516.704227,9.0
SP,37.61,7.71,300.0,1200.0,b'beleza_saude',SP,2018,138.861099,100.485,136.177752,30192.771429,15.758284,15.924686,14.586934,0,0,0,151.941656,15249.215838,421109.470293,3.0
RJ,81.7,16.7,1050.0,11616.0,b'moveis_decoracao',SP,2017,160.57,160.57,0.0,22532.404286,11.796097,11.051282,11.846389,1,0,0,333.306879,5146.882286,343516.704227,11.0
SP,502.14,22.24,5000.0,48960.0,b'brinquedos',SP,2017,102.020652,78.45,72.603704,22224.708571,10.849535,10.0,11.886244,0,0,1,293.153739,4648.054362,291113.407386,15.0
SP,216.93,17.03,2450.0,11808.0,b'cama_mesa_banho',SP,2018,156.931203,94.3,169.495961,32145.375714,15.695483,14.354167,14.586934,0,0,1,236.955408,4736.805583,421109.470293,10.0
SP,144.65,14.66,600.0,18525.0,b'brinquedos',RJ,2017,184.298643,105.37,295.904466,24362.647143,13.283123,11.373874,11.886244,0,0,0,355.822035,11583.701444,291113.407386,6.0
RJ,195.91,16.01,584.0,2288.0,b'relogios_presentes',SP,2017,178.133991,100.96,234.07599,19868.252857,12.512774,17.666667,11.02144,0,0,0,523.415504,22471.067853,304388.330097,17.0
SP,158.79,9.79,308.0,2652.0,b'relogios_presentes',SP,2018,149.347185,101.37,176.11617,43528.085714,11.26894,29.25,11.552505,0,0,0,13.932819,32055.217343,488209.852444,2.0
RJ,127.87,7.87,150.0,3000.0,b'esporte_lazer',RJ,2018,158.048392,101.285,225.238052,35918.457143,17.651711,15.890909,16.552935,0,0,0,19.924483,19321.393908,471112.176282,6.0
SP,49.14,11.85,500.0,2704.0,b'beleza_saude',SP,2017,139.513134,103.245,124.975662,15032.3,10.737843,12.48366,11.140125,0,0,0,80.354832,6654.104232,204408.639154,6.0
SP,42.68,7.78,150.0,2240.0,b'brinquedos',SP,2017,161.950238,96.03,244.96253,18677.377143,13.684119,13.144828,13.725249,0,0,1,17.460735,982.653804,117455.248491,2.0
SP,313.94,54.04,24050.0,144000.0,b'informatica_acessorios',SP,2018,151.823333,108.85,154.937014,42468.724286,11.273584,7.962733,9.806023,0,0,0,35.477637,19769.173494,424423.205949,14.0
SP,89.8,18.0,550.0,21870.0,b'utilidades_domesticas',SP,2018,165.294933,123.16,160.011189,31556.324286,9.818917,16.222222,11.552505,0,0,0,29.496677,17932.598295,488209.852444,7.0
SP,318.3,19.3,7300.0,43200.0,b'brinquedos',SP,2018,148.875084,97.07,200.348697,45938.228571,8.551046,7.818182,9.806023,0,0,1,90.824777,25254.15245,424423.205949,2.0
RJ,418.55,224.05,51250.0,304560.0,b'moveis_decoracao',SP,2017,153.17871,92.925,218.7389,22084.025714,12.840349,26.0,10.36886,0,0,0,451.315474,18910.602892,254990.21744,15.0
SP,63.2,16.54,466.0,4576.0,b'esporte_lazer',SP,2018,153.813396,101.54,204.457084,37870.631429,14.567373,14.68,15.685915,0,0,1,82.592487,16603.241466,350875.393133,3.0
SP,87.43,12.43,2550.0,31500.0,b'moveis_decoracao',SP,2018,171.369709,114.52,230.214904,46819.687143,15.316144,16.506849,14.949342,0,0,0,13.755072,23825.027196,390767.341004,6.0
SP,53.54,8.64,400.0,600.0,b'cama_mesa_banho',SP,2018,201.685385,116.9,373.452604,28285.7,15.80946,15.742604,13.721701,0,0,0,88.748925,23061.555043,481297.418576,4.0
SP,86.53,13.53,1020.0,11960.0,b'esporte_lazer',SP,2017,150.525117,96.8,149.986026,33145.33,10.492922,10.645161,11.723562,0,1,1,264.186536,21900.982878,343480.138209,9.0
RJ,235.54,19.54,2000.0,15264.0,b'relogios_presentes',RJ,2018,148.995785,117.85,144.993714,36310.987143,12.890789,12.5,15.685915,0,0,1,13.034871,18047.308546,350875.393133,5.0
SP,246.83,53.83,7500.0,44800.0,b'brinquedos',PR,2018,163.697283,99.18,341.361904,38570.121429,10.53526,9.196721,13.721701,0,0,1,351.217763,3017.643687,481297.418576,4.0
SP,45.7,11.85,163.0,2652.0,b'informatica_acessorios',SP,2018,139.781387,105.335,133.05942,34461.83,14.535784,13.891892,15.685915,0,0,0,284.156502,27659.508373,350875.393133,2.0
SP,40.68,7.78,200.0,5175.0,b'beleza_saude',SP,2017,151.829279,86.64,237.975352,36206.628571,10.13737,8.344262,11.723562,0,1,0,17.938053,32567.514368,343480.138209,5.0
SP,75.14,11.15,950.0,4235.0,b'informatica_acessorios',SP,2018,169.506486,119.65,162.104193,14913.82,15.047248,12.696078,13.721701,1,0,0,25.548081,10228.929976,481297.418576,9.0
SP,24.86,10.96,250.0,4800.0,b'cama_mesa_banho',SP,2017,155.509587,91.07,210.126225,10991.042857,11.711387,11.716418,9.861342,0,0,0,228.614831,2713.733708,100733.911078,9.0
SP,56.78,7.78,200.0,640.0,b'relogios_presentes',SP,2017,139.82275,98.83,131.412715,37321.215714,10.210064,11.163009,11.723562,0,1,0,20.233488,26502.630735,343480.138209,6.0
SP,88.06,18.07,1400.0,4590.0,b'beleza_saude',RJ,2018,157.079554,100.485,151.119765,49127.597143,10.907773,8.934118,16.552935,0,0,1,329.66962,2555.183266,471112.176282,14.0
SP,282.41,12.51,1467.0,14553.0,b'beleza_saude',SP,2018,154.873096,111.6,167.824996,45981.09,15.435221,15.877841,14.949342,0,0,0,12.747998,19863.04796,390767.341004,7.0
SP,83.73,12.84,150.0,3744.0,b'informatica_acessorios',SP,2018,154.187643,93.755,182.447116,29990.152857,15.977013,14.635965,13.715038,0,0,0,31.901082,11682.603187,455464.133916,15.0
SP,43.58,13.37,1583.0,3240.0,b'informatica_acessorios',SP,2017,152.19459,91.58,154.751393,28463.374286,12.462581,10.128342,11.886244,0,0,1,279.760628,1719.061008,291113.407386,5.0
SP,34.65,11.85,408.0,2652.0,b'esporte_lazer',SP,2017,171.089598,111.17,214.438621,26340.533333,11.765762,12.847222,11.846389,0,0,1,221.30264,9755.181079,343516.704227,10.0
SP,169.9,20.0,1700.0,7616.0,b'cama_mesa_banho',SP,2018,139.602054,94.77,149.170996,35915.851429,14.540961,13.989399,15.685915,0,0,1,151.586918,4986.922442,350875.393133,10.0
SP,51.76,11.86,1300.0,18750.0,b'moveis_decoracao',SP,2018,156.679815,97.58,190.359542,39699.388571,14.649802,14.541779,14.586934,0,0,0,107.538855,21271.585853,421109.470293,11.0
SP,29.51,14.52,200.0,2052.0,b'utilidades_domesticas',MG,2017,133.339158,92.6,149.933989,11662.821429,11.382342,10.18,9.861342,0,0,1,553.954849,2739.219022,100733.911078,9.0
SP,313.53,14.53,8500.0,25200.0,b'cama_mesa_banho',SP,2018,201.745204,110.875,361.010824,42575.537143,16.859029,14.101227,14.949342,1,0,1,297.098176,1165.502251,390767.341004,5.0
RJ,148.06,18.16,1600.0,23625.0,b'cama_mesa_banho',SP,2017,152.19459,91.58,154.751393,28463.374286,12.462581,10.128342,11.886244,0,0,1,569.817375,1719.061008,291113.407386,12.0
SP,94.55,14.65,1383.0,20000.0,b'cama_mesa_banho',SP,2018,182.696302,115.555,227.349653,21043.361429,15.372546,11.162162,13.721701,0,0,0,289.173365,27082.710469,481297.418576,8.0
SP,57.98,12.98,225.0,6992.0,b'informatica_acessorios',SP,2018,172.144846,111.69,240.551626,42780.045714,11.351724,10.265861,13.721701,0,0,1,300.966552,20272.484154,481297.418576,3.0
RJ,54.0,14.1,200.0,880.0,b'informatica_acessorios',MG,2018,152.63552,105.65,194.343337,33442.954286,19.473729,17.712538,13.715038,0,0,0,343.593756,12993.647155,455464.133916,22.0
SP,177.83,17.83,4600.0,12584.0,b'esporte_lazer',SP,2017,186.376436,109.94,237.235682,25890.885714,11.125973,11.144737,11.846389,0,0,0,296.574524,9691.526533,343516.704227,5.0
SP,121.28,11.38,1150.0,11286.0,b'cama_mesa_banho',SP,2017,161.85822,110.14,222.176103,14893.912857,11.151064,10.992754,9.861342,0,0,0,324.957975,10128.27843,100733.911078,12.0
SP,37.78,12.79,150.0,1512.0,b'informatica_acessorios',SP,2018,131.65038,97.905,114.397451,36233.257143,16.757886,15.848066,14.949342,0,0,1,233.577547,14591.435645,390767.341004,6.0
SP,31.77,7.78,100.0,4500.0,b'beleza_saude',SP,2018,111.365556,89.395,56.761406,30507.954286,13.280247,12.397436,15.685915,1,0,0,113.866451,1008.967727,350875.393133,6.0
RJ,314.92,14.93,1582.0,33635.0,b'brinquedos',RJ,2017,158.053911,102.305,174.920883,32450.058571,10.548577,11.257813,11.846389,0,0,0,17.088195,12662.738601,343516.704227,5.0
SP,72.99,13.44,950.0,8866.0,b'moveis_decoracao',SP,2017,172.657708,107.42,272.999558,25242.387143,11.487987,11.736041,11.886244,0,0,0,80.651265,10490.123273,291113.407386,11.0
SP,94.58,14.33,550.0,5100.0,b'beleza_saude',SP,2017,207.623986,125.31,315.467481,15499.002857,11.053593,12.0,9.861342,0,0,0,68.268144,7935.214081,100733.911078,6.0
SP,541.42,29.62,2600.0,24000.0,b'informatica_acessorios',PR,2017,131.872,125.74,46.241985,22116.411429,13.238652,12.82716,11.886244,1,0,0,503.740169,5404.720872,291113.407386,10.0
SP,62.65,7.65,250.0,352.0,b'relogios_presentes',SP,2018,172.144846,111.69,240.551626,42780.045714,11.351724,10.265861,13.721701,0,0,1,23.079771,20272.484154,481297.418576,5.0
SP,31.75,11.85,300.0,15000.0,b'brinquedos',SP,2017,152.045871,92.67,217.085211,26233.63,11.833202,11.265306,11.846389,0,0,1,55.049749,15763.012739,343516.704227,18.0
SP,87.32,7.42,150.0,4096.0,b'informatica_acessorios',SP,2018,187.10192,117.79,258.923166,48305.822857,12.079549,11.576037,16.552935,0,0,0,91.908727,30623.818403,471112.176282,5.0
SP,56.37,13.37,1000.0,6612.0,b'cama_mesa_banho',SP,2018,133.932899,103.07,128.840126,30537.261429,18.114019,13.868726,13.715038,0,0,1,306.554795,8888.905212,455464.133916,9.0
SP,109.4,14.41,675.0,11088.0,b'brinquedos',RJ,2017,216.600392,136.6,219.528841,21298.04,11.525485,10.58011,11.886244,0,0,1,370.415782,3583.529046,291113.407386,14.0
SP,45.53,7.53,300.0,352.0,b'relogios_presentes',SP,2018,156.955534,99.65,233.737464,40317.415714,11.137556,9.174419,9.806023,0,0,1,51.374091,20767.3481,424423.205949,7.0
SP,55.38,15.38,200.0,2310.0,b'utilidades_domesticas',PR,2018,176.900658,119.26,255.117771,47839.962857,8.721561,9.6743,9.806023,0,0,0,332.773096,19932.515892,424423.205949,5.0
SP,52.78,12.79,350.0,3800.0,b'cama_mesa_banho',SP,2018,173.101411,103.455,287.29372,34277.101429,14.435286,13.444444,14.586934,0,0,0,255.089459,24079.96436,421109.470293,22.0
SP,120.19,13.19,350.0,4913.0,b'esporte_lazer',SP,2018,173.101411,103.455,287.29372,34277.101429,14.435286,13.444444,14.586934,0,0,0,296.262683,24079.96436,421109.470293,20.0
SP,42.68,7.78,150.0,2240.0,b'brinquedos',SP,2017,154.800058,101.25,218.899729,19871.62,10.783298,11.588517,10.36886,0,0,0,24.902373,6958.571248,254990.21744,1.0
SP,52.68,7.78,200.0,1232.0,b'brinquedos',SP,2018,157.928959,116.13,173.376005,36507.037143,13.563282,13.118033,13.715038,0,0,1,24.429072,19133.855655,455464.133916,6.0
SP,159.62,20.73,1938.0,32438.0,b'utilidades_domesticas',SP,2018,152.726291,107.85,182.42993,36683.072857,8.962561,8.550725,9.806023,0,0,0,18.576212,16726.161351,424423.205949,2.0
SP,46.24,9.34,600.0,9600.0,b'brinquedos',SP,2017,171.157592,101.93,215.97217,25120.108571,12.267415,11.616,11.846389,0,0,0,7.376456,17220.374037,343516.704227,11.0
SP,56.6,16.6,1000.0,7200.0,b'cama_mesa_banho',SP,2017,186.376436,109.94,237.235682,25890.885714,11.125973,11.144737,11.846389,0,0,0,339.510673,9691.526533,343516.704227,10.0
SP,78.64,8.65,450.0,1280.0,b'informatica_acessorios',SP,2018,168.655023,116.83,237.448433,35075.228571,9.68397,8.741259,13.721701,0,0,0,92.023012,13782.963308,481297.418576,0.0
SP,142.86,13.79,2300.0,11352.0,b'cama_mesa_banho',SP,2018,182.13625,139.795,177.899632,29850.881429,13.875819,15.172043,13.715038,1,0,0,242.411526,5745.475222,455464.133916,11.0
SP,67.68,23.7,2300.0,4928.0,b'cama_mesa_banho',SP,2018,151.033594,105.72,150.477058,29430.051429,15.750398,14.960714,13.715038,0,0,0,326.420426,16469.641876,455464.133916,11.0
SP,601.55,16.65,2550.0,49140.0,b'esporte_lazer',SP,2017,153.787256,105.575,223.387256,21768.088333,10.356619,10.948571,10.36886,0,0,1,81.457513,9973.860249,254990.21744,5.0
SP,139.86,14.96,2500.0,11352.0,b'cama_mesa_banho',SP,2018,167.618105,111.02,201.841376,33179.325714,14.59621,14.136531,14.586934,0,0,1,303.628084,4883.302408,421109.470293,10.0
SP,61.75,11.85,200.0,1232.0,b'brinquedos',SP,2017,256.43,256.43,0.0,26292.154286,10.763484,9.803922,11.886244,1,0,0,359.638221,5112.176477,291113.407386,7.0
RJ,238.53,58.83,1800.0,26784.0,b'moveis_decoracao',SP,2018,183.830466,112.61,316.135736,42949.447143,11.135274,8.755556,9.806023,0,0,0,756.804716,16157.10594,424423.205949,12.0
SP,224.1,24.2,792.0,4256.0,b'beleza_saude',RJ,2018,151.823333,108.85,154.937014,42468.724286,11.273584,7.962733,9.806023,0,0,0,386.751045,19769.173494,424423.205949,8.0
SP,61.35,11.85,400.0,2560.0,b'cama_mesa_banho',SP,2018,111.365556,89.395,56.761406,30507.954286,13.280247,12.397436,15.685915,1,0,0,297.210996,1008.967727,350875.393133,13.0
SP,22.77,7.78,250.0,9360.0,b'beleza_saude',SP,2018,154.187643,93.755,182.447116,29990.152857,15.977013,14.635965,13.715038,0,0,0,21.201268,11682.603187,455464.133916,13.0
SP,486.56,86.66,30000.0,252000.0,b'utilidades_domesticas',SP,2017,151.948303,102.48,209.544526,38980.917143,13.548313,11.819149,11.723562,0,1,0,137.326367,26289.022684,343480.138209,16.0
SP,931.53,34.53,2590.0,22199.0,b'informatica_acessorios',SP,2017,164.781387,105.74,235.977393,18762.645714,9.579777,10.924658,12.847377,0,0,0,90.483274,7380.946242,250658.264608,11.0
SP,189.56,9.56,175.0,8000.0,b'informatica_acessorios',SP,2018,126.860385,95.29,90.348093,33789.817143,15.268982,15.010526,14.586934,1,0,0,39.853018,6929.333652,421109.470293,16.0
SP,82.33,12.43,2600.0,15000.0,b'moveis_decoracao',SP,2018,151.489145,106.78,181.260866,47235.041429,15.180389,15.014528,14.949342,0,0,1,11.96325,20584.16602,390767.341004,4.0
RJ,98.33,23.33,1000.0,12250.0,b'moveis_decoracao',SP,2018,306.292,151.18,351.511448,38654.835714,12.070974,9.369565,13.721701,1,0,0,400.93775,10707.148243,481297.418576,7.0
SP,159.37,14.37,650.0,1456.0,b'esporte_lazer',SP,2018,156.766824,108.76,158.975388,42041.831429,14.555313,14.034392,14.586934,0,0,1,208.504127,16394.476791,421109.470293,16.0
SP,88.9,8.91,250.0,3960.0,b'beleza_saude',SP,2018,134.32,67.05,161.079081,44519.647143,12.567361,12.145455,16.552935,1,0,0,18.95829,13940.322722,471112.176282,7.0
SP,34.71,12.81,100.0,1360.0,b'beleza_saude',SP,2018,152.028,85.58,137.512752,17498.914286,9.541093,15.285714,11.552505,0,0,0,256.932263,984.641825,488209.852444,8.0
SP,72.77,7.78,200.0,3960.0,b'beleza_saude',SP,2017,166.872439,124.52,142.644563,20911.592857,13.335999,11.477987,13.725249,0,0,1,27.558661,1584.101569,117455.248491,8.0
SP,57.75,11.85,150.0,2816.0,b'esporte_lazer',SP,2017,150.496485,98.79,192.091204,22327.663333,10.647157,11.913514,11.02144,0,0,0,297.027369,10465.210588,304388.330097,8.0
RJ,170.12,10.13,650.0,8550.0,b'brinquedos',RJ,2017,150.977421,105.37,174.569529,25622.235714,13.622736,11.401235,11.02144,0,0,1,22.11598,10504.001707,304388.330097,7.0
SP,44.08,14.78,700.0,18000.0,b'utilidades_domesticas',SP,2018,160.049517,114.395,195.944297,46846.021429,15.722602,15.735294,14.949342,0,0,0,17.726737,27493.809219,390767.341004,6.0
RJ,59.22,19.32,285.0,2210.0,b'informatica_acessorios',MG,2018,168.3265,150.735,115.446445,40900.99,14.685832,13.669291,16.552935,1,0,0,359.579505,10557.017172,471112.176282,11.0
SP,58.85,11.85,250.0,6864.0,b'beleza_saude',SP,2017,157.713765,88.96,211.241204,26438.621429,13.64832,27.202128,11.02144,0,0,0,157.128318,7305.96905,304388.330097,4.0
RJ,50.35,15.35,350.0,24500.0,b'utilidades_domesticas',SP,2018,188.087573,108.53,230.445267,48617.692857,7.75761,8.315104,9.806023,0,0,1,350.618483,5565.531973,424423.205949,5.0
SP,57.77,7.78,200.0,4500.0,b'beleza_saude',SP,2017,438.332727,135.655,1003.220525,12828.83,14.495699,15.791667,13.725249,1,0,0,18.089506,6356.674737,117455.248491,10.0
SP,366.91,17.01,4600.0,25155.0,b'cama_mesa_banho',SP,2018,168.326011,101.18,236.567079,47381.472857,14.236961,13.421622,16.552935,0,0,0,68.621043,20328.449557,471112.176282,5.0
SP,120.19,16.36,2600.0,7875.0,b'cama_mesa_banho',SP,2017,139.513134,103.245,124.975662,15032.3,10.737843,12.48366,11.140125,0,0,0,293.647103,6654.104232,204408.639154,5.0
RJ,40.92,17.93,7350.0,38750.0,b'utilidades_domesticas',SP,2018,177.759936,101.965,318.188102,43288.224286,16.61353,14.788043,14.949342,0,0,1,371.319677,16646.356044,390767.341004,14.0
SP,20.62,8.72,300.0,4096.0,b'beleza_saude',SP,2017,141.858571,101.14,135.827469,4337.804286,15.493842,17.947368,11.572975,0,0,1,10.242289,1981.509272,176081.63596,20.0
RJ,38.89,8.9,500.0,3536.0,b'relogios_presentes',RJ,2018,135.589615,112.23,112.496734,22358.825714,19.958873,20.159574,13.715038,1,0,0,18.888639,2410.21133,455464.133916,7.0
SP,60.79,12.79,550.0,14000.0,b'cama_mesa_banho',SP,2018,173.101411,103.455,287.29372,34277.101429,14.435286,13.444444,14.586934,0,0,0,303.345874,24079.96436,421109.470293,14.0
SP,79.56,15.56,3500.0,40625.0,b'utilidades_domesticas',SP,2017,146.153988,102.64,200.067863,22435.054286,10.953713,10.279412,11.02144,0,0,1,91.230356,9253.855884,304388.330097,8.0
SP,201.98,13.98,200.0,2805.0,b'beleza_saude',SP,2018,152.028,85.58,137.512752,17498.914286,9.541093,15.285714,11.552505,0,0,0,349.479389,984.641825,488209.852444,5.0
SP,106.54,26.74,2600.0,37500.0,b'moveis_decoracao',SP,2018,153.813396,101.54,204.457084,37870.631429,14.567373,14.68,15.685915,0,0,1,351.748471,16603.241466,350875.393133,8.0
SP,228.08,18.18,4100.0,49011.0,b'utilidades_domesticas',SP,2017,140.122045,112.91,112.317913,24056.81,13.468197,9.273885,11.02144,0,0,1,325.07655,989.037405,304388.330097,4.0
SP,43.29,7.39,264.0,3808.0,b'cama_mesa_banho',SP,2018,171.369709,114.52,230.214904,46819.687143,15.316144,16.506849,14.949342,0,0,0,17.450814,23825.027196,390767.341004,2.0
SP,232.15,12.15,3500.0,23625.0,b'cama_mesa_banho',SP,2017,165.918,103.79,196.77641,10283.963333,13.174587,11.75,9.861342,0,0,0,311.823847,6753.237073,100733.911078,6.0
SP,153.1,17.2,1225.0,25872.0,b'esporte_lazer',PR,2017,151.948303,102.48,209.544526,38980.917143,13.548313,11.819149,11.723562,0,1,0,375.898184,26289.022684,343480.138209,8.0
RJ,153.96,48.96,1950.0,42000.0,b'moveis_decoracao',SP,2018,157.079554,100.485,151.119765,49127.597143,10.907773,8.934118,16.552935,0,0,1,373.483228,2555.183266,471112.176282,17.0
SP,288.56,35.56,9892.0,114752.0,b'cama_mesa_banho',SP,2018,146.652034,100.23,178.509146,36049.144286,14.77198,15.841772,14.586934,0,0,0,15.809004,21694.682189,421109.470293,3.0
SP,101.75,12.75,350.0,1920.0,b'informatica_acessorios',PR,2017,198.824375,119.47,235.820734,19991.045714,12.304091,12.015707,11.846389,1,0,0,552.79729,5458.01457,343516.704227,5.0
RJ,108.2,30.2,400.0,704.0,b'relogios_presentes',SP,2017,176.786599,99.43,261.594421,23716.25,11.474839,11.901709,11.886244,0,0,0,507.7486,12279.887922,291113.407386,9.0
SP,147.34,12.44,584.0,2288.0,b'relogios_presentes',SP,2017,140.122045,112.91,112.317913,24056.81,13.468197,9.273885,11.02144,0,0,1,159.007516,989.037405,304388.330097,9.0
RJ,89.88,19.98,2600.0,15000.0,b'moveis_decoracao',SP,2018,148.64318,106.19,174.641653,34256.702857,20.150936,18.813725,13.715038,0,0,0,406.127502,12107.374477,455464.133916,22.0
SP,68.86,13.96,850.0,2500.0,b'utilidades_domesticas',SP,2018,161.17401,114.32,183.900492,9708.411429,9.786184,10.6,11.552505,0,0,1,354.416939,15375.492958,488209.852444,8.0
SP,52.85,13.85,650.0,4096.0,b'esporte_lazer',SP,2018,172.702007,107.51,294.956302,41207.587143,13.191512,11.326389,13.721701,0,0,0,385.325883,16891.79703,481297.418576,6.0
SP,94.4,9.41,900.0,6732.0,b'beleza_saude',SP,2017,134.22,77.57,171.594971,23741.675714,13.067709,10.772727,11.02144,1,0,0,25.94091,6677.031775,304388.330097,4.0
SP,43.36,15.56,400.0,6480.0,b'moveis_decoracao',SP,2017,95.77,95.77,0.0,18923.077143,10.658046,7.84375,10.36886,1,0,0,27.817556,4053.775857,254990.21744,2.0
SP,192.26,36.26,4500.0,49140.0,b'utilidades_domesticas',MG,2018,170.633018,119.51,202.033343,47203.784286,12.303706,17.0,16.552935,0,0,0,455.473881,30796.301197,471112.176282,6.0
SP,186.56,10.65,800.0,6300.0,b'informatica_acessorios',SP,2017,210.194207,109.58,569.639556,19312.408571,9.615022,4.0,12.847377,0,0,0,86.932807,9792.951707,250658.264608,8.0
SP,154.35,13.65,160.0,2160.0,b'esporte_lazer',SP,2018,158.336958,111.87,181.22245,41118.608571,7.509981,8.240223,11.552505,0,0,1,109.083999,20326.010712,488209.852444,6.0
SP,258.0,9.0,325.0,1824.0,b'relogios_presentes',SP,2017,142.739389,91.35,157.946178,21981.448333,12.278808,12.564593,11.846389,0,0,0,103.397498,16245.501187,343516.704227,7.0
SP,158.45,13.45,335.0,2992.0,b'relogios_presentes',SP,2018,194.224961,116.44,262.999412,40626.86,17.50726,11.287634,16.552935,0,0,1,304.116239,2591.515468,471112.176282,9.0
SP,91.0,32.11,1235.0,7884.0,b'cama_mesa_banho',SP,2018,158.103204,107.22,184.926288,42312.411429,14.670045,12.788991,14.949342,0,0,1,214.571329,20021.585537,390767.341004,5.0
SP,32.68,7.78,150.0,1360.0,b'beleza_saude',SP,2018,154.187643,93.755,182.447116,29990.152857,15.977013,14.635965,13.715038,0,0,0,13.859857,11682.603187,455464.133916,22.0
SP,330.7,10.8,300.0,1936.0,b'relogios_presentes',SP,2017,152.505688,96.8,266.413411,41308.202857,14.75065,15.467797,11.723562,0,1,1,80.520669,17895.345628,343480.138209,5.0
SP,235.29,19.39,350.0,8316.0,b'relogios_presentes',MG,2018,170.633018,119.51,202.033343,47203.784286,12.303706,17.0,16.552935,0,0,0,400.596085,30796.301197,471112.176282,7.0
SP,158.94,39.24,5625.0,232200.0,b'utilidades_domesticas',SP,2017,159.004757,102.66,208.848077,22155.541667,10.541911,0.0,11.02144,0,0,0,9.260064,14862.051914,304388.330097,3.0
SP,184.15,19.25,250.0,4536.0,b'relogios_presentes',MG,2018,140.598539,97.61,128.845656,38148.704286,11.068843,7.298361,9.806023,0,0,1,364.04078,2861.22881,424423.205949,3.0
RJ,163.81,25.81,9900.0,58621.0,b'utilidades_domesticas',MG,2018,166.735901,111.215,173.923998,37208.562857,14.630938,14.309677,15.685915,0,0,0,198.614723,15678.107973,350875.393133,19.0
SP,59.15,11.15,1400.0,21875.0,b'utilidades_domesticas',SP,2018,170.633018,119.51,202.033343,47203.784286,12.303706,17.0,16.552935,0,0,0,94.53802,30796.301197,471112.176282,3.0
SP,111.21,11.31,450.0,3536.0,b'brinquedos',SP,2017,128.481639,91.54,109.763126,13244.577143,12.932629,20.1,11.572975,0,0,0,152.082086,8832.614924,176081.63596,6.0
SP,41.29,7.39,375.0,3468.0,b'esporte_lazer',SP,2018,160.049517,114.395,195.944297,46846.021429,15.722602,15.735294,14.949342,0,0,0,24.384644,27493.809219,390767.341004,2.0
SP,554.32,16.32,5690.0,17556.0,b'beleza_saude',SP,2018,129.072222,101.905,127.159016,32818.134286,14.44109,14.62069,14.586934,1,0,0,14.250677,7789.75102,421109.470293,3.0
SP,51.64,11.74,1000.0,17712.0,b'utilidades_domesticas',SP,2017,144.190952,114.79,130.2125,8619.47,12.18053,11.072165,9.861342,0,0,1,53.733213,591.043083,100733.911078,3.0
SP,35.13,15.23,100.0,528.0,b'moveis_decoracao',RJ,2018,173.101411,103.455,287.29372,34277.101429,14.435286,13.444444,14.586934,0,0,0,356.923576,24079.96436,421109.470293,8.0
SP,17.77,7.78,200.0,3564.0,b'informatica_acessorios',SP,2018,163.042695,110.13,180.386868,31840.09,17.598821,13.781065,13.715038,0,0,1,98.662824,793.598104,455464.133916,5.0
SP,367.2,18.2,500.0,2112.0,b'beleza_saude',MG,2017,0.0,0.0,0.0,0.0,0.0,0.0,0.0,1,0,0,640.018085,5921.107654,304388.330097,7.0
SP,329.76,14.86,375.0,2772.0,b'relogios_presentes',SP,2018,168.655023,116.83,237.448433,35075.228571,9.68397,8.741259,13.721701,0,0,0,212.670283,13782.963308,481297.418576,3.0
RJ,94.31,14.31,250.0,3060.0,b'brinquedos',SP,2017,177.796267,106.16,277.977632,23304.957143,11.806908,13.0,11.846389,0,0,0,363.404233,16648.603912,343516.704227,19.0
SP,70.72,11.73,200.0,3960.0,b'beleza_saude',SP,2017,95.77,95.77,0.0,18923.077143,10.658046,7.84375,10.36886,1,0,0,12.482965,4053.775857,254990.21744,3.0
RJ,144.68,38.68,1700.0,5120.0,b'cama_mesa_banho',SP,2018,168.853518,107.2,324.363972,12893.132857,19.054107,23.714286,13.721701,0,0,1,476.258543,9971.891385,481297.418576,8.0
SP,71.42,13.43,500.0,2800.0,b'beleza_saude',PR,2017,151.829279,86.64,237.975352,36206.628571,10.13737,8.344262,11.723562,0,1,0,410.786878,32567.514368,343480.138209,13.0
SP,82.9,18.0,1600.0,15600.0,b'utilidades_domesticas',MG,2017,133.161111,146.01,89.382178,3357.971667,7.457088,7.387097,51.5,0,0,1,262.955221,0.0,0.0,9.0
SP,162.91,17.92,2250.0,21000.0,b'cama_mesa_banho',SP,2018,167.163844,113.93,192.128,41479.312857,15.670482,13.37766,14.949342,0,0,0,309.834023,15869.929561,390767.341004,7.0
SP,27.77,7.78,100.0,4500.0,b'beleza_saude',SP,2017,92.390417,77.825,57.298239,11666.975714,14.42427,14.855932,13.725249,0,0,1,12.135878,2083.356308,117455.248491,3.0
SP,147.78,18.78,400.0,1547.0,b'informatica_acessorios',RJ,2018,162.45159,111.69,169.967425,38572.96,14.754132,16.181818,14.586934,0,0,0,438.131802,15037.372539,421109.470293,20.0
SP,253.11,14.11,275.0,1944.0,b'relogios_presentes',SP,2018,150.556774,99.42,173.179082,34290.918571,14.711507,16.151515,14.949342,0,0,1,297.147606,2450.51624,390767.341004,6.0
SP,41.75,11.85,250.0,1200.0,b'beleza_saude',SP,2018,0.0,0.0,0.0,0.0,0.0,0.0,0.0,0,0,0,186.041771,8559.48055,350875.393133,14.0
SP,217.45,17.55,3500.0,12600.0,b'cama_mesa_banho',SP,2017,163.6617,105.47,162.767317,11375.158571,11.436261,10.6,9.861342,0,0,1,141.107561,9116.680559,100733.911078,12.0
SP,155.62,9.72,1017.0,6845.0,b'brinquedos',SP,2018,151.823333,108.85,154.937014,42468.724286,11.273584,7.962733,9.806023,0,0,0,60.97749,19769.173494,424423.205949,4.0
SP,80.39,13.49,1230.0,5184.0,b'beleza_saude',SP,2017,146.426294,103.37,142.389928,18437.258571,13.862178,13.216495,13.725249,0,0,0,266.352427,11412.505157,117455.248491,6.0
SP,106.54,15.56,400.0,2464.0,b'brinquedos',SP,2017,165.428387,122.57,145.807893,34426.001429,10.295814,10.117857,11.723562,0,1,1,75.158378,8790.749176,343480.138209,5.0
SP,118.74,9.52,534.0,14904.0,b'beleza_saude',SP,2018,156.955534,99.65,233.737464,40317.415714,11.137556,9.174419,9.806023,0,0,1,117.553353,20767.3481,424423.205949,4.0
SP,73.77,12.77,900.0,3125.0,b'cama_mesa_banho',SP,2017,137.94697,96.84,147.367678,39429.965714,12.59336,13.017301,11.723562,0,1,1,302.940342,18854.541012,343480.138209,10.0
SP,27.38,7.39,150.0,8000.0,b'brinquedos',SP,2018,158.947276,111.31,185.219078,36466.665714,15.031157,15.204403,14.586934,0,0,0,7.717969,12716.33219,421109.470293,3.0
SP,84.28,17.38,1650.0,19200.0,b'cama_mesa_banho',SP,2018,151.489145,106.78,181.260866,47235.041429,15.180389,15.014528,14.949342,0,0,1,125.344723,20584.16602,390767.341004,10.0
RJ,215.05,15.15,337.0,2704.0,b'relogios_presentes',SP,2017,164.781387,105.74,235.977393,18762.645714,9.579777,10.924658,12.847377,0,0,0,380.498365,7380.946242,250658.264608,5.0
SP,176.16,26.16,5200.0,30000.0,b'moveis_decoracao',SP,2017,198.824375,119.47,235.820734,19991.045714,12.304091,12.015707,11.846389,1,0,0,45.919584,5458.01457,343516.704227,19.0
RJ,47.06,9.06,850.0,9261.0,b'utilidades_domesticas',RJ,2018,183.645132,124.19,259.221166,42959.005714,16.5656,15.478754,14.949342,0,0,1,11.554231,15620.689385,390767.341004,7.0
SP,89.45,28.65,1100.0,8440.0,b'cama_mesa_banho',SP,2018,153.49,103.895,174.533391,34391.242857,9.921734,9.686667,11.552505,0,0,0,284.35814,22637.657096,488209.852444,6.0
SP,121.9,22.0,2250.0,22200.0,b'moveis_decoracao',PR,2018,200.668375,113.11,297.011044,39235.857143,12.129444,11.695817,13.721701,0,0,1,344.594236,16327.41521,481297.418576,7.0
SP,318.97,19.97,150.0,1932.0,b'esporte_lazer',PR,2018,90.735,84.435,58.535089,33828.28,15.822852,13.419355,14.949342,1,0,0,424.692264,5965.757951,390767.341004,10.0
RJ,61.32,16.32,800.0,8736.0,b'esporte_lazer',SP,2018,230.690588,110.08,498.661371,47643.954286,15.787153,14.149425,14.949342,1,0,0,363.677841,8548.243897,390767.341004,13.0
SP,317.48,47.5,3100.0,32000.0,b'esporte_lazer',PR,2018,162.952115,99.505,229.182836,34370.39,9.547184,9.187215,13.721701,0,0,1,643.817091,23427.776536,481297.418576,4.0
SP,38.54,8.64,250.0,1200.0,b'beleza_saude',SP,2018,184.699545,109.8,317.347835,34763.917143,15.336118,15.470769,13.721701,0,0,0,124.126009,24595.375381,481297.418576,4.0
SP,175.77,15.87,792.0,4256.0,b'beleza_saude',RJ,2017,157.713765,88.96,211.241204,26438.621429,13.64832,27.202128,11.02144,0,0,0,335.680633,7305.96905,304388.330097,5.0
SP,101.73,11.83,1550.0,8000.0,b'cama_mesa_banho',SP,2018,225.2675,91.795,299.015874,31722.644286,16.966953,16.553191,13.715038,1,0,0,80.764105,2425.737412,455464.133916,6.0
SP,188.53,12.73,1550.0,11760.0,b'moveis_decoracao',SP,2017,139.635947,100.72,128.735174,22069.501667,10.095356,0.0,10.36886,0,0,0,174.826455,16527.251428,254990.21744,7.0
SP,308.96,43.96,11400.0,38475.0,b'utilidades_domesticas',MG,2018,187.10192,117.79,258.923166,48305.822857,12.079549,11.576037,16.552935,0,0,0,236.058334,30623.818403,471112.176282,19.0
SP,138.21,39.24,1950.0,42000.0,b'moveis_decoracao',SP,2017,152.045871,92.67,217.085211,26233.63,11.833202,11.265306,11.846389,0,0,1,16.542736,15763.012739,343516.704227,5.0
SP,162.55,12.55,200.0,2805.0,b'beleza_saude',SP,2018,148.941639,101.25,147.380533,34321.814286,13.433079,14.378049,13.715038,0,0,0,298.166201,17768.186978,455464.133916,4.0
SP,501.61,11.62,450.0,4256.0,b'relogios_presentes',SP,2018,128.295172,111.89,80.499887,33695.547143,14.668914,14.31295,14.586934,0,0,1,51.521704,2222.797579,421109.470293,4.0
RJ,56.81,16.32,650.0,6600.0,b'esporte_lazer',SP,2018,167.163844,113.93,192.128,41479.312857,15.670482,13.37766,14.949342,0,0,0,368.787667,15869.929561,390767.341004,13.0
SP,113.24,13.25,2250.0,23100.0,b'brinquedos',SP,2018,145.296489,102.13,194.496785,37216.35,13.04561,12.729885,13.715038,0,0,0,10.953125,21857.309571,455464.133916,5.0
SP,27.38,7.39,250.0,1300.0,b'esporte_lazer',SP,2018,154.851445,113.05,178.839639,47455.257143,11.913726,10.784,16.552935,0,0,0,8.558452,22895.284932,471112.176282,6.0
SP,99.43,13.43,2850.0,27000.0,b'utilidades_domesticas',SP,2018,206.279143,118.03,324.511544,42628.695714,7.562918,7.551205,11.552505,0,0,1,148.491815,2141.11371,488209.852444,4.0
SP,85.08,45.29,400.0,5250.0,b'moveis_decoracao',PR,2017,171.685393,104.965,208.343832,34017.224286,10.359448,9.852843,11.723562,0,1,1,707.484747,14589.250224,343480.138209,12.0
RJ,200.23,20.23,501.0,3276.0,b'relogios_presentes',SP,2018,152.625692,104.63,174.960127,41720.485714,14.101769,13.818182,13.721701,0,0,1,499.602592,25848.180947,481297.418576,21.0
SP,194.0,15.0,1563.0,5440.0,b'esporte_lazer',RJ,2017,137.001489,100.715,111.28227,39785.608571,13.194271,14.483871,11.723562,1,1,0,379.346063,13040.655859,343480.138209,7.0
SP,113.11,23.21,1050.0,16000.0,b'esporte_lazer',PR,2018,142.808909,102.05,120.419847,36148.887143,17.417759,13.025907,16.552935,1,0,0,715.341681,8617.038965,471112.176282,8.0
SP,172.92,13.02,3975.0,23736.0,b'cama_mesa_banho',SP,2018,177.759936,101.965,318.188102,43288.224286,16.61353,14.788043,14.949342,0,0,1,24.139275,16646.356044,390767.341004,2.0
RJ,132.59,25.59,3100.0,17280.0,b'esporte_lazer',SP,2017,132.8475,82.265,94.987778,21565.961429,11.64235,10.617021,11.846389,1,0,1,498.956986,8988.687183,343516.704227,11.0
RJ,128.88,72.92,800.0,10240.0,b'cama_mesa_banho',SP,2018,169.101283,112.68,247.276641,23369.875714,7.619223,9.063401,11.552505,0,0,0,561.793039,25226.900324,488209.852444,5.0
RJ,40.52,14.52,250.0,2240.0,b'cama_mesa_banho',SP,2017,116.99225,61.14,107.597157,4529.213333,7.863183,8.574074,7.389867,0,0,0,500.763477,2376.926303,26973.463786,12.0
RJ,259.78,19.78,342.0,1836.0,b'relogios_presentes',SP,2018,152.566984,101.55,151.553262,39455.281429,11.101435,7.288026,9.806023,0,0,1,481.028831,20023.473058,424423.205949,6.0
RJ,229.99,14.09,1225.0,6992.0,b'beleza_saude',RJ,2017,116.840066,83.715,107.961714,16603.067143,10.580058,11.58156,11.140125,0,0,0,13.44746,9926.461433,204408.639154,5.0
SP,59.1,15.1,688.0,3536.0,b'beleza_saude',PR,2017,152.815196,104.28,195.164588,12760.0,13.279212,12.5,12.847377,0,0,0,455.3042,11223.852262,250658.264608,21.0
RJ,104.72,15.72,300.0,640.0,b'relogios_presentes',SP,2018,183.651897,92.815,380.231493,31876.291429,9.180096,11.166667,11.552505,0,0,0,368.483844,3124.824541,488209.852444,13.0
SP,197.79,12.79,4338.0,2856.0,b'relogios_presentes',SP,2017,139.116222,97.78,154.974206,17832.332857,9.471597,9.729927,12.847377,0,0,1,295.829177,6453.512323,250658.264608,13.0
SP,284.96,49.06,1467.0,14400.0,b'informatica_acessorios',PR,2018,169.101283,112.68,247.276641,23369.875714,7.619223,9.063401,11.552505,0,0,0,549.897226,25226.900324,488209.852444,11.0
RJ,109.31,14.41,275.0,3640.0,b'brinquedos',SP,2017,124.893923,93.69,103.955895,17292.958571,14.361385,14.13986,13.725249,0,0,1,337.453829,8954.167807,117455.248491,6.0
SP,122.78,11.98,2000.0,26250.0,b'esporte_lazer',SP,2018,111.365556,89.395,56.761406,30507.954286,13.280247,12.397436,15.685915,1,0,0,140.463745,1008.967727,350875.393133,10.0
SP,179.0,19.0,350.0,4807.0,b'beleza_saude',MG,2018,170.633018,119.51,202.033343,47203.784286,12.303706,17.0,16.552935,0,0,0,311.1053,30796.301197,471112.176282,6.0
SP,73.68,13.78,600.0,30000.0,b'cama_mesa_banho',SP,2018,146.362915,96.72,165.432762,32499.034286,14.54052,14.405303,14.586934,0,0,1,287.147641,12222.955869,421109.470293,10.0
RJ,52.0,15.1,600.0,3168.0,b'brinquedos',SP,2017,179.035,179.035,167.124688,17350.912857,13.969833,12.761905,13.725249,1,0,0,388.116899,11743.774367,117455.248491,6.0
SP,98.43,9.44,750.0,6144.0,b'utilidades_domesticas',SP,2017,130.07,130.07,145.635713,15547.707143,10.002691,10.565217,11.140125,1,0,0,29.625842,3589.955072,204408.639154,4.0
SP,148.7,18.8,4550.0,8000.0,b'esporte_lazer',SP,2018,166.735901,111.215,173.923998,37208.562857,14.630938,14.309677,15.685915,0,0,0,142.728782,15678.107973,350875.393133,9.0
SP,143.35,18.45,800.0,4608.0,b'esporte_lazer',PR,2018,169.781787,101.15,253.076443,49446.338571,10.682573,16.526316,16.552935,0,0,0,332.16288,35668.44615,471112.176282,12.0
SP,86.72,11.73,1300.0,30000.0,b'esporte_lazer',SP,2017,133.246667,95.22,128.924359,19587.257143,10.93041,12.316239,11.140125,0,0,0,142.061556,10416.807932,204408.639154,4.0
SP,59.51,7.62,1110.0,3762.0,b'beleza_saude',SP,2018,140.598539,97.61,128.845656,38148.704286,11.068843,7.298361,9.806023,0,0,1,147.135512,2861.22881,424423.205949,4.0
RJ,63.9,14.1,250.0,3872.0,b'cama_mesa_banho',SP,2017,186.376436,109.94,237.235682,25890.885714,11.125973,11.144737,11.846389,0,0,0,351.115322,9691.526533,343516.704227,5.0
SP,36.78,7.78,200.0,352.0,b'relogios_presentes',SP,2017,161.075743,102.55,187.53191,23385.621429,10.74897,11.561576,11.02144,0,0,0,39.355,17622.192519,304388.330097,5.0
SP,74.03,14.13,7000.0,32994.0,b'utilidades_domesticas',SP,2017,152.815196,104.28,195.164588,12760.0,13.279212,12.5,12.847377,0,0,0,57.450124,11223.852262,250658.264608,5.0
SP,42.59,12.69,300.0,7040.0,b'utilidades_domesticas',SP,2017,130.3801,97.03,117.342947,37290.684286,10.264577,11.766667,11.723562,0,1,0,60.442533,15172.83474,343480.138209,14.0
RJ,105.38,15.39,250.0,3960.0,b'beleza_saude',SP,2018,112.55,108.0,64.17196,33163.796667,16.982157,16.085366,13.715038,1,0,0,314.429371,0.0,455464.133916,7.0
SP,110.46,25.47,1625.0,10664.0,b'cama_mesa_banho',PR,2018,162.296117,106.34,179.038073,35444.298571,9.866731,9.460976,11.552505,0,0,0,546.478427,18584.084399,488209.852444,8.0
SP,489.9,90.9,20325.0,138600.0,b'cama_mesa_banho',SP,2018,148.875084,97.07,200.348697,45938.228571,8.551046,7.818182,9.806023,0,0,1,20.503746,25254.15245,424423.205949,3.0
SP,180.33,18.34,5000.0,44200.0,b'esporte_lazer',SP,2018,165.294933,123.16,160.011189,31556.324286,9.818917,16.222222,11.552505,0,0,0,7.837275,17932.598295,488209.852444,1.0
SP,59.24,9.34,400.0,3750.0,b'moveis_decoracao',SP,2017,166.14875,103.165,222.803743,32840.95,10.637169,11.81203,11.846389,0,0,0,113.176627,20122.23936,343516.704227,2.0
SP,142.9,18.0,2500.0,11352.0,b'cama_mesa_banho',SP,2018,169.637555,90.62,336.533038,38817.924286,8.834644,8.673591,9.806023,0,0,0,280.570305,21592.876477,424423.205949,4.0
SP,32.29,7.39,150.0,1360.0,b'beleza_saude',SP,2018,158.87925,96.3,233.820394,36358.02,11.197563,10.570175,16.552935,0,0,1,63.080969,4537.639416,471112.176282,6.0
SP,52.39,7.39,250.0,1344.0,b'informatica_acessorios',SP,2018,167.163844,113.93,192.128,41479.312857,15.670482,13.37766,14.949342,0,0,0,23.539754,15869.929561,390767.341004,7.0
RJ,163.78,14.79,675.0,5000.0,b'informatica_acessorios',SP,2018,134.585792,99.72,142.805066,27501.01,15.414838,13.453125,13.715038,0,0,1,333.330384,16852.639435,455464.133916,10.0
SP,123.37,14.37,3200.0,20000.0,b'cama_mesa_banho',SP,2018,138.515462,90.35,158.353208,33988.814286,14.644992,14.159322,14.586934,0,0,1,71.795604,13642.92037,421109.470293,6.0
RJ,168.61,14.83,300.0,5832.0,b'brinquedos',SP,2017,146.840709,102.03,184.567845,16764.704286,10.526035,11.102564,11.140125,0,0,0,330.740121,12117.437515,204408.639154,12.0
SP,81.63,11.73,2400.0,49000.0,b'moveis_decoracao',SP,2018,182.13625,139.795,177.899632,29850.881429,13.875819,15.172043,13.715038,1,0,0,36.220938,5745.475222,455464.133916,3.0
SP,63.07,13.37,1700.0,10500.0,b'moveis_decoracao',SP,2017,189.938098,110.78,251.881291,21365.408333,11.661881,12.833333,11.02144,0,0,1,354.475705,13973.51743,304388.330097,9.0
RJ,497.54,19.54,820.0,3456.0,b'relogios_presentes',SP,2018,149.347185,101.37,176.11617,43528.085714,11.26894,29.25,11.552505,0,0,0,343.495778,32055.217343,488209.852444,14.0
SP,433.05,19.05,4600.0,10404.0,b'beleza_saude',SP,2017,142.620923,85.6,176.854994,10807.301429,11.553404,11.628099,9.861342,0,0,0,60.494568,5257.303653,100733.911078,3.0
SP,72.75,12.76,1450.0,13500.0,b'cama_mesa_banho',SP,2018,150.340792,102.1,182.147188,32152.238571,13.564187,14.916667,13.715038,0,0,0,286.377593,24705.299123,455464.133916,8.0
SP,664.17,15.17,3000.0,26862.0,b'brinquedos',SP,2018,154.851445,113.05,178.839639,47455.257143,11.913726,10.784,16.552935,0,0,0,6.557805,22895.284932,471112.176282,1.0
SP,314.53,14.54,394.0,2618.0,b'relogios_presentes',SP,2018,148.202583,107.155,148.883101,45667.235714,13.69657,11.316568,16.552935,0,0,1,298.378606,18884.627553,471112.176282,6.0
SP,167.1,37.12,294.0,3360.0,b'brinquedos',MG,2018,176.216526,115.225,218.140768,38685.251429,10.016051,13.625,13.721701,0,0,0,578.344427,25382.367825,481297.418576,2.0
SP,165.71,15.81,1600.0,24320.0,b'esporte_lazer',PR,2017,184.298643,105.37,295.904466,24362.647143,13.283123,11.373874,11.886244,0,0,0,309.258234,11583.701444,291113.407386,6.0
SP,102.96,12.97,496.0,16380.0,b'informatica_acessorios',SP,2017,121.939714,105.39,95.447285,21284.347143,11.344009,11.215686,11.886244,1,0,0,212.587424,4663.512374,291113.407386,8.0
SP,138.97,9.07,2208.0,18768.0,b'brinquedos',SP,2018,99.758889,104.17,44.659634,35767.817143,9.866926,8.524752,11.552505,1,0,0,23.853248,4305.275809,488209.852444,10.0
SP,138.26,21.26,1433.0,31160.0,b'brinquedos',SP,2018,163.659758,108.42,201.78268,42752.932857,11.433647,9.987179,13.721701,0,0,0,42.818898,20582.075372,481297.418576,8.0
RJ,137.99,18.09,1800.0,4692.0,b'cama_mesa_banho',SP,2017,133.54451,97.08,139.564923,15678.452857,10.951708,8.181818,11.140125,0,0,0,585.651861,11643.171343,204408.639154,6.0
SP,166.35,16.35,4000.0,31500.0,b'moveis_decoracao',SP,2018,132.923375,107.525,124.636019,29337.781429,7.877259,8.898396,11.552505,0,0,0,12.242889,21798.339382,488209.852444,5.0
SP,70.42,13.42,500.0,5760.0,b'beleza_saude',SP,2018,151.033594,105.72,150.477058,29430.051429,15.750398,14.960714,13.715038,0,0,0,379.781581,16469.641876,455464.133916,7.0
SP,81.05,14.05,1400.0,8000.0,b'moveis_decoracao',SP,2018,157.501765,105.94,207.759447,44006.947143,7.686666,6.666667,9.806023,0,0,0,64.459733,32804.760617,424423.205949,10.0
SP,88.9,8.91,1813.0,37788.0,b'cama_mesa_banho',SP,2018,131.65038,97.905,114.397451,36233.257143,16.757886,15.848066,14.949342,0,0,1,17.317299,14591.435645,390767.341004,5.0
SP,157.22,18.22,5400.0,60000.0,b'brinquedos',PR,2018,154.196096,116.575,139.922443,30766.407143,16.37013,23.0,13.715038,0,0,0,386.411413,13134.717058,455464.133916,12.0
RJ,850.56,20.57,725.0,2850.0,b'relogios_presentes',SP,2017,138.376522,120.09,105.934625,15564.477143,10.502691,9.182482,11.140125,0,0,1,383.616548,353.729592,204408.639154,5.0
SP,116.75,16.85,5700.0,48000.0,b'moveis_decoracao',SP,2017,134.336512,98.16,131.363868,12706.292857,12.999102,24.5,11.572975,0,0,0,325.452307,10152.463117,176081.63596,13.0
RJ,73.35,19.35,1067.0,7942.0,b'beleza_saude',SP,2018,187.10192,117.79,258.923166,48305.822857,12.079549,11.576037,16.552935,0,0,0,366.642606,30623.818403,471112.176282,7.0
SP,96.87,22.17,2100.0,33750.0,b'esporte_lazer',SP,2018,138.861099,100.485,136.177752,30192.771429,15.758284,15.924686,14.586934,0,0,0,11.88059,15249.215838,421109.470293,4.0
RJ,46.85,18.23,575.0,2415.0,b'relogios_presentes',SP,2018,170.633018,119.51,202.033343,47203.784286,12.303706,17.0,16.552935,0,0,0,382.094961,30796.301197,471112.176282,6.0
RJ,226.14,26.24,3400.0,23625.0,b'cama_mesa_banho',SP,2017,151.948303,102.48,209.544526,38980.917143,13.548313,11.819149,11.723562,0,1,0,595.829487,26289.022684,343480.138209,17.0
SP,63.55,13.65,3650.0,12167.0,b'beleza_saude',SP,2018,151.823333,108.85,154.937014,42468.724286,11.273584,7.962733,9.806023,0,0,0,32.750465,19769.173494,424423.205949,4.0
SP,129.79,14.89,2300.0,11352.0,b'cama_mesa_banho',SP,2018,163.602118,101.125,207.540138,31438.5,15.805472,14.517986,14.586934,0,0,1,289.745912,15548.115281,421109.470293,11.0
RJ,44.23,15.23,250.0,640.0,b'relogios_presentes',SP,2018,205.306974,116.995,359.040854,16448.48,16.676556,12.412371,16.552935,0,0,0,357.975359,1550.992366,471112.176282,11.0
SP,41.27,7.78,600.0,8008.0,b'beleza_saude',SP,2017,478.463333,129.21,649.521715,18141.204286,12.584416,12.02439,11.02144,1,0,0,15.918853,4091.027334,304388.330097,3.0
SP,146.52,35.55,1550.0,9000.0,b'cama_mesa_banho',SP,2017,157.394522,102.26,202.072103,15804.014286,10.931582,10.555556,12.847377,0,0,0,308.331433,5591.119786,250658.264608,10.0
SP,84.13,15.23,800.0,8303.0,b'esporte_lazer',PR,2017,172.738932,96.035,251.068149,22978.16,11.424355,11.114286,11.886244,0,0,0,382.055703,18610.942749,291113.407386,8.0
SP,243.55,8.66,363.0,3042.0,b'relogios_presentes',SP,2018,153.792709,112.67,133.966777,33020.081429,9.607138,15.5,11.552505,0,0,0,288.182044,18306.088923,488209.852444,1.0
RJ,65.09,15.1,250.0,4807.0,b'beleza_saude',MG,2018,111.365556,89.395,56.761406,30507.954286,13.280247,12.397436,15.685915,1,0,0,668.645794,1008.967727,350875.393133,7.0
SP,60.45,11.85,350.0,4856.0,b'cama_mesa_banho',SP,2017,380.32,126.865,567.671024,13590.047143,10.439479,10.35,12.847377,1,0,0,152.945533,12385.408205,250658.264608,6.0
SP,62.64,12.69,450.0,4275.0,b'cama_mesa_banho',SP,2018,151.828774,105.5,163.632595,21034.541429,17.61907,22.181818,13.715038,0,0,0,287.386417,14455.709409,455464.133916,5.0
SP,471.05,17.35,2100.0,7000.0,b'utilidades_domesticas',PR,2017,146.715233,109.725,129.439023,10472.137143,8.714002,9.722772,7.389867,0,0,0,465.813676,6249.281098,26973.463786,8.0
SP,36.17,9.27,247.0,4263.0,b'informatica_acessorios',SP,2017,144.977412,91.46,133.716685,20782.197143,13.536621,12.445122,13.725249,0,0,1,73.26006,6392.532451,117455.248491,14.0
SP,48.38,16.58,1000.0,5632.0,b'esporte_lazer',SP,2018,179.383589,113.94,406.098785,47550.468571,7.676694,8.397849,9.806023,0,0,0,16.942795,21411.339348,424423.205949,6.0
SP,42.5,7.51,150.0,832.0,b'informatica_acessorios',SP,2018,168.608852,109.86,180.532999,39862.248571,8.995483,8.278997,9.806023,0,0,1,5.307252,19790.994534,424423.205949,4.0
SP,39.24,9.34,950.0,2852.0,b'informatica_acessorios',SP,2017,139.237191,105.28,138.987959,14577.862857,12.105301,24.0,12.847377,0,0,0,6.551303,5712.000943,250658.264608,5.0
SP,88.71,8.72,250.0,3960.0,b'beleza_saude',SP,2018,172.702007,107.51,294.956302,41207.587143,13.191512,11.326389,13.721701,0,0,0,13.86119,16891.79703,481297.418576,2.0
RJ,171.44,21.54,2350.0,7448.0,b'moveis_decoracao',MG,2017,156.330938,121.42,122.300549,18949.101429,10.324713,9.713333,10.36886,0,0,1,249.489057,1183.343113,254990.21744,13.0
SP,99.9,0.0,584.0,2288.0,b'relogios_presentes',SP,2018,158.048392,101.285,225.238052,35918.457143,17.651711,15.890909,16.552935,0,0,0,295.175922,19321.393908,471112.176282,12.0
RJ,173.99,35.99,10050.0,58682.0,b'utilidades_domesticas',MG,2018,161.738085,101.5,225.359252,48035.841429,11.604527,10.155807,16.552935,0,0,1,206.464909,24355.661471,471112.176282,22.0
SP,2512.53,174.45,30000.0,282750.0,b'utilidades_domesticas',SP,2018,169.637555,90.62,336.533038,38817.924286,8.834644,8.673591,9.806023,0,0,0,385.425375,21592.876477,424423.205949,6.0
SP,134.38,16.58,1400.0,4554.0,b'esporte_lazer',SP,2018,167.090285,110.8,193.039992,42911.002857,17.058724,42.25,16.552935,0,0,0,23.899843,18626.342185,471112.176282,7.0
SP,73.84,14.51,1000.0,8866.0,b'moveis_decoracao',SP,2018,171.369709,114.52,230.214904,46819.687143,15.316144,16.506849,14.949342,0,0,0,321.704362,23825.027196,390767.341004,8.0
SP,69.99,15.14,187.0,4608.0,b'esporte_lazer',PR,2017,77.191538,75.63,46.231234,21003.795714,12.21512,13.02439,13.725249,1,0,0,329.223972,10102.384569,117455.248491,7.0
SP,114.66,24.86,11350.0,75000.0,b'utilidades_domesticas',SP,2018,179.296989,99.215,259.708871,37844.802857,16.67118,18.518519,14.949342,0,0,0,38.799768,20423.937563,390767.341004,6.0
SP,153.39,23.49,2800.0,22050.0,b'moveis_decoracao',PR,2018,162.45159,111.69,169.967425,38572.96,14.754132,16.181818,14.586934,0,0,0,711.365352,15037.372539,421109.470293,12.0
SP,37.61,7.71,250.0,1200.0,b'beleza_saude',SP,2018,154.873096,111.6,167.824996,45981.09,15.435221,15.877841,14.949342,0,0,0,138.176493,19863.04796,390767.341004,5.0
SP,33.88,8.88,500.0,5632.0,b'utilidades_domesticas',SP,2018,205.306974,116.995,359.040854,16448.48,16.676556,12.412371,16.552935,0,0,0,9.221256,1550.992366,471112.176282,12.0
SP,134.83,14.93,1550.0,9000.0,b'cama_mesa_banho',SP,2018,129.072222,101.905,127.159016,32818.134286,14.44109,14.62069,14.586934,1,0,0,274.073309,7789.75102,421109.470293,14.0
SP,604.73,55.63,16550.0,70125.0,b'cama_mesa_banho',SP,2018,140.598539,97.61,128.845656,38148.704286,11.068843,7.298361,9.806023,0,0,1,82.237733,2861.22881,424423.205949,5.0
SP,36.75,11.85,350.0,4800.0,b'cama_mesa_banho',SP,2017,116.840066,83.715,107.961714,16603.067143,10.580058,11.58156,11.140125,0,0,0,297.873985,9926.461433,204408.639154,11.0
RJ,34.42,14.52,300.0,850.0,b'moveis_decoracao',SP,2017,0.0,0.0,0.0,0.0,0.0,0.0,0.0,1,0,0,604.221968,0.0,26973.463786,17.0
RJ,164.54,14.64,1130.0,18400.0,b'esporte_lazer',RJ,2018,158.84,110.25,141.726222,39482.74,11.1313,8.085821,13.721701,0,0,1,40.478057,2483.507838,481297.418576,2.0
RJ,46.1,16.11,500.0,2560.0,b'cama_mesa_banho',SP,2017,170.139937,115.45,192.966966,35972.163333,15.915555,0.0,11.723562,0,1,0,554.848353,21508.641652,343480.138209,7.0
RJ,106.2,30.22,1200.0,8096.0,b'esporte_lazer',SP,2017,176.670308,98.32,261.153996,21242.365714,12.645841,11.412017,11.02144,0,0,0,327.712152,11059.024228,304388.330097,13.0
RJ,90.6,14.7,250.0,4224.0,b'utilidades_domesticas',SP,2017,114.962,106.43,52.39504,5252.152857,14.991401,15.5,13.725249,1,0,0,348.330153,4046.992032,117455.248491,19.0
SP,73.34,13.44,1650.0,45000.0,b'esporte_lazer',PR,2017,149.579891,99.78,169.356604,19249.514286,10.564151,11.666667,10.36886,0,0,0,660.441266,12025.603552,254990.21744,9.0
RJ,75.72,16.73,200.0,3960.0,b'beleza_saude',SP,2018,163.602118,101.125,207.540138,31438.5,15.805472,14.517986,14.586934,0,0,1,318.812107,15548.115281,421109.470293,18.0
RJ,165.48,16.48,450.0,2304.0,b'relogios_presentes',PR,2017,131.872,125.74,46.241985,22116.411429,13.238652,12.82716,11.886244,1,0,0,684.684089,5404.720872,291113.407386,9.0
SP,63.44,14.44,1082.0,5168.0,b'beleza_saude',SP,2018,179.296989,99.215,259.708871,37844.802857,16.67118,18.518519,14.949342,0,0,0,324.082056,20423.937563,390767.341004,7.0
SP,257.66,27.66,2600.0,26136.0,b'esporte_lazer',SP,2017,146.840709,102.03,184.567845,16764.704286,10.526035,11.102564,11.140125,0,0,0,367.704578,12117.437515,204408.639154,5.0
SP,61.08,7.39,1110.0,3762.0,b'beleza_saude',SP,2018,156.299831,109.38,187.703964,47349.655714,10.564134,10.473318,16.552935,0,0,0,20.453438,23543.879655,471112.176282,5.0
RJ,100.96,21.66,19600.0,64400.0,b'beleza_saude',RJ,2017,175.280774,105.875,224.168723,23350.451667,10.914623,11.612121,11.02144,0,0,0,19.603322,7464.017955,304388.330097,4.0
RJ,36.94,16.94,1250.0,9216.0,b'utilidades_domesticas',RJ,2018,151.823333,108.85,154.937014,42468.724286,11.273584,7.962733,9.806023,0,0,0,15.681315,19769.173494,424423.205949,5.0
SP,39.24,9.34,950.0,2852.0,b'informatica_acessorios',SP,2018,163.927708,107.53,183.524248,33118.39,13.167552,14.270358,15.685915,0,0,0,4.602474,17088.035922,350875.393133,13.0
SP,33.85,11.85,300.0,7020.0,b'informatica_acessorios',SP,2017,132.176783,96.8,128.545575,15373.385714,10.668204,13.625,12.847377,0,0,0,290.364089,10435.72261,250658.264608,12.0
RJ,69.22,19.32,450.0,9120.0,b'brinquedos',SP,2018,168.326011,101.18,236.567079,47381.472857,14.236961,13.421622,16.552935,0,0,0,457.786595,20328.449557,471112.176282,15.0
SP,171.61,12.61,21200.0,16875.0,b'cama_mesa_banho',SP,2017,95.77,95.77,0.0,18923.077143,10.658046,7.84375,10.36886,1,0,0,131.513199,4053.775857,254990.21744,9.0
SP,89.91,7.92,207.0,2652.0,b'informatica_acessorios',SP,2018,170.594724,118.085,211.638477,36741.14,15.077519,14.764706,14.586934,0,0,1,77.293694,14038.669952,421109.470293,6.0
SP,43.13,15.23,200.0,2340.0,b'informatica_acessorios',MG,2018,180.084713,111.33,242.28335,45435.655714,13.999985,15.073846,13.721701,0,0,1,486.976796,19558.612846,481297.418576,11.0
SP,176.76,11.76,200.0,15750.0,b'esporte_lazer',SP,2017,145.723125,103.685,120.880786,4885.706667,7.758605,8.304348,7.389867,0,0,1,130.817839,3870.236355,26973.463786,11.0
SP,262.24,13.24,600.0,8000.0,b'esporte_lazer',SP,2018,147.682921,107.24,146.199199,33819.387143,12.980247,13.62069,15.685915,0,0,0,244.016911,25357.773985,350875.393133,22.0
RJ,190.37,40.38,6550.0,8000.0,b'informatica_acessorios',MG,2017,167.718728,113.62,233.361684,41380.555714,13.905954,15.381201,11.723562,0,1,0,380.857624,21027.207364,343480.138209,16.0
SP,56.29,15.39,183.0,4608.0,b'esporte_lazer',PR,2018,149.347185,101.37,176.11617,43528.085714,11.26894,29.25,11.552505,0,0,0,337.054468,32055.217343,488209.852444,5.0
SP,216.23,12.63,1450.0,10450.0,b'beleza_saude',SP,2017,171.265283,102.87,212.020893,16683.618571,9.810811,10.913295,11.140125,0,0,0,14.400192,14230.518069,204408.639154,3.0
RJ,38.01,14.11,225.0,6300.0,b'beleza_saude',SP,2017,242.195556,106.03,241.862493,1882.566667,7.271528,7.5625,51.5,0,0,0,320.946419,3644.06568,0.0,8.0
SP,38.62,8.72,350.0,9375.0,b'utilidades_domesticas',SP,2018,134.780767,104.59,121.482496,22043.92,15.955734,0.0,15.685915,0,0,0,15.452027,28866.393802,350875.393133,8.0
RJ,171.08,36.08,3900.0,24500.0,b'utilidades_domesticas',MG,2018,187.10192,117.79,258.923166,48305.822857,12.079549,11.576037,16.552935,0,0,0,659.887461,30623.818403,471112.176282,5.0
SP,72.48,13.49,200.0,3960.0,b'beleza_saude',SP,2018,90.735,84.435,58.535089,33828.28,15.822852,13.419355,14.949342,1,0,0,230.335614,5965.757951,390767.341004,8.0
SP,176.09,57.09,6550.0,8000.0,b'informatica_acessorios',MG,2018,169.506486,119.65,162.104193,14913.82,15.047248,12.696078,13.721701,1,0,0,265.532627,10228.929976,481297.418576,8.0
SP,41.87,8.88,761.0,4050.0,b'informatica_acessorios',SP,2018,141.652491,102.28,137.813934,33514.647143,15.32623,14.967742,14.586934,0,0,0,21.394955,23264.385606,421109.470293,1.0
RJ,26.27,15.23,450.0,1800.0,b'beleza_saude',SP,2018,179.0825,116.55,150.88685,39454.511429,10.063443,8.9375,13.721701,1,0,0,336.873544,5613.401541,481297.418576,10.0
SP,36.78,7.78,250.0,352.0,b'relogios_presentes',SP,2017,148.204151,107.87,128.529775,20649.562857,12.59306,9.490446,11.02144,0,0,1,20.338042,12217.4063,304388.330097,5.0
RJ,26.45,7.55,100.0,1104.0,b'moveis_decoracao',RJ,2018,200.668375,113.11,297.011044,39235.857143,12.129444,11.695817,13.721701,0,0,1,4.01411,16327.41521,481297.418576,3.0
SP,177.2,19.4,360.0,4420.0,b'informatica_acessorios',PR,2018,187.10192,117.79,258.923166,48305.822857,12.079549,11.576037,16.552935,0,0,0,535.574979,30623.818403,471112.176282,6.0
SP,88.44,13.54,1150.0,7616.0,b'cama_mesa_banho',SP,2018,157.307835,98.215,206.77057,33355.728571,13.480949,12.454545,13.715038,0,0,0,212.946679,18229.620423,455464.133916,7.0
SP,64.07,13.37,1860.0,38700.0,b'brinquedos',SP,2017,171.157592,101.93,215.97217,25120.108571,12.267415,11.616,11.846389,0,0,0,122.007312,17220.374037,343516.704227,6.0
SP,37.69,7.79,250.0,1200.0,b'beleza_saude',SP,2018,161.532208,114.47,189.228044,31859.22,9.552251,7.648649,11.552505,0,0,1,145.084884,3018.782405,488209.852444,4.0
SP,108.51,9.51,600.0,3136.0,b'esporte_lazer',SP,2018,166.243536,100.28,285.381314,34959.787143,12.972842,11.965517,15.685915,0,0,1,87.644169,15733.527521,350875.393133,10.0
RJ,85.24,15.25,500.0,4180.0,b'brinquedos',SP,2017,137.94697,96.84,147.367678,39429.965714,12.59336,13.017301,11.723562,0,1,1,356.142702,18854.541012,343480.138209,10.0
SP,113.62,13.72,1100.0,11439.0,b'cama_mesa_banho',SP,2017,152.045871,92.67,217.085211,26233.63,11.833202,11.265306,11.846389,0,0,1,190.277343,15763.012739,343516.704227,8.0
SP,37.77,7.78,500.0,1976.0,b'utilidades_domesticas',SP,2017,149.579891,99.78,169.356604,19249.514286,10.564151,11.666667,10.36886,0,0,0,15.836181,12025.603552,254990.21744,2.0
RJ,96.32,16.32,700.0,20250.0,b'cama_mesa_banho',SP,2017,0.0,0.0,0.0,0.0,0.0,0.0,0.0,1,1,0,574.634514,7671.482249,343480.138209,14.0
SP,45.13,15.23,150.0,352.0,b'moveis_decoracao',MG,2018,167.163844,113.93,192.128,41479.312857,15.670482,13.37766,14.949342,0,0,0,459.953641,15869.929561,390767.341004,15.0
RJ,69.69,21.64,2700.0,24000.0,b'cama_mesa_banho',SP,2018,167.785977,107.41,222.821303,48038.885714,7.617971,8.484932,9.806023,0,0,1,336.306818,29084.609268,424423.205949,7.0
SP,52.58,7.58,250.0,640.0,b'relogios_presentes',SP,2018,165.251188,108.29,188.387181,36048.887143,9.495894,8.139535,11.552505,0,0,1,16.869359,3380.548803,488209.852444,2.0
RJ,78.94,14.04,1100.0,9504.0,b'cama_mesa_banho',RJ,2017,152.045871,92.67,217.085211,26233.63,11.833202,11.265306,11.846389,0,0,1,89.379575,15763.012739,343516.704227,12.0
SP,190.06,10.07,600.0,4624.0,b'beleza_saude',SP,2017,153.581691,112.12,158.976452,36921.561667,16.204182,16.231746,11.723562,0,1,0,88.587133,19136.037762,343480.138209,6.0
SP,71.63,11.73,7000.0,32994.0,b'utilidades_domesticas',SP,2017,200.050741,111.89,196.268421,17466.631429,9.03311,9.836538,12.847377,0,0,1,40.140679,0.0,250658.264608,5.0
SP,55.95,14.43,1150.0,4928.0,b'informatica_acessorios',PR,2018,153.10701,112.68,216.395169,20696.755714,15.781635,13.465517,16.552935,0,0,0,446.49215,4809.754168,471112.176282,8.0
SP,291.44,21.45,5690.0,17250.0,b'informatica_acessorios',SP,2018,156.528327,114.52,154.057749,38381.315714,12.888317,12.046595,13.721701,0,0,0,183.65957,15560.116431,481297.418576,6.0
SP,79.33,9.34,500.0,4180.0,b'brinquedos',SP,2017,139.237191,105.28,138.987959,14577.862857,12.105301,24.0,12.847377,0,0,0,21.970772,5712.000943,250658.264608,1.0
SP,47.19,10.96,200.0,1344.0,b'informatica_acessorios',SP,2017,173.420993,98.76,290.516087,8514.611429,14.52925,14.4,13.725249,0,0,0,30.237397,7029.463923,117455.248491,6.0
SP,363.07,13.07,1850.0,10125.0,b'moveis_decoracao',SP,2018,158.87925,96.3,233.820394,36358.02,11.197563,10.570175,16.552935,0,0,1,51.634236,4537.639416,471112.176282,12.0
SP,52.58,7.58,200.0,352.0,b'relogios_presentes',SP,2018,198.723705,117.63,294.763925,39379.098571,11.438082,9.761733,13.721701,0,0,1,116.592403,18979.87422,481297.418576,2.0
RJ,172.62,23.62,3700.0,32175.0,b'moveis_decoracao',SP,2018,177.759936,101.965,318.188102,43288.224286,16.61353,14.788043,14.949342,0,0,1,418.833277,16646.356044,390767.341004,20.0
SP,123.75,13.43,350.0,2850.0,b'beleza_saude',SP,2018,271.335714,129.79,342.191097,25554.294286,9.961427,8.637931,11.552505,0,0,0,190.646064,0.0,488209.852444,13.0
SP,49.74,12.92,300.0,6400.0,b'brinquedos',SP,2018,176.900658,119.26,255.117771,47839.962857,8.721561,9.6743,9.806023,0,0,0,233.986556,19932.515892,424423.205949,5.0
SP,107.27,17.37,1470.0,16074.0,b'cama_mesa_banho',MG,2017,0.0,0.0,0.0,0.0,0.0,0.0,0.0,0,0,0,272.1102,885.370612,100733.911078,7.0
SP,125.52,15.52,200.0,3000.0,b'esporte_lazer',RJ,2017,144.295842,108.5,133.444858,22798.082857,11.763022,11.862222,13.725249,0,0,0,318.46292,12035.447265,117455.248491,6.0
SP,115.0,0.0,584.0,2288.0,b'relogios_presentes',SP,2018,148.202583,107.155,148.883101,45667.235714,13.69657,11.316568,16.552935,0,0,1,305.356081,18884.627553,471112.176282,10.0
SP,367.2,18.2,500.0,2112.0,b'beleza_saude',MG,2017,186.376436,109.94,237.235682,25890.885714,11.125973,11.144737,11.846389,0,0,0,720.188927,9691.526533,343516.704227,7.0
RJ,49.7,15.1,254.0,3060.0,b'esporte_lazer',MG,2017,148.47414,110.93,170.656404,21264.681429,12.650067,10.980645,10.36886,0,0,0,221.47686,9442.398406,254990.21744,8.0
SP,87.32,7.42,150.0,4096.0,b'informatica_acessorios',SP,2018,170.633018,119.51,202.033343,47203.784286,12.303706,17.0,16.552935,0,0,0,85.765565,30796.301197,471112.176282,2.0
SP,37.58,15.26,200.0,2378.0,b'informatica_acessorios',MG,2018,149.347185,101.37,176.11617,43528.085714,11.26894,29.25,11.552505,0,0,0,489.977214,32055.217343,488209.852444,15.0
SP,36.78,7.78,250.0,352.0,b'relogios_presentes',SP,2017,168.594714,107.145,244.085483,25916.528571,11.370318,10.004098,11.886244,0,0,0,18.744459,16408.835193,291113.407386,5.0
SP,37.9,14.1,260.0,6720.0,b'esporte_lazer',MG,2017,137.001489,100.715,111.28227,39785.608571,13.194271,14.483871,11.723562,1,1,0,518.196562,13040.655859,343480.138209,8.0
RJ,307.98,54.38,5200.0,42000.0,b'utilidades_domesticas',SP,2018,157.728646,117.79,184.352327,14877.707143,8.531697,3.0,11.552505,0,0,0,688.883363,28308.196726,488209.852444,6.0
SP,302.52,88.68,14700.0,57600.0,b'utilidades_domesticas',SP,2018,175.549455,114.505,246.120941,44943.014286,13.353076,10.407008,16.552935,0,0,1,10.562891,2983.657791,471112.176282,2.0
SP,62.65,7.65,200.0,640.0,b'relogios_presentes',SP,2018,149.347185,101.37,176.11617,43528.085714,11.26894,29.25,11.552505,0,0,0,107.709168,32055.217343,488209.852444,2.0
SP,93.31,14.32,5300.0,15000.0,b'cama_mesa_banho',SP,2017,0.0,0.0,0.0,0.0,0.0,0.0,0.0,0,0,1,295.482006,0.0,26973.463786,3.0
RJ,137.99,18.09,1650.0,4692.0,b'cama_mesa_banho',SP,2018,225.2675,91.795,299.015874,31722.644286,16.966953,16.553191,13.715038,1,0,0,421.101872,2425.737412,455464.133916,14.0
SP,161.53,12.53,300.0,1280.0,b'informatica_acessorios',SP,2018,152.896716,101.01,167.793922,37392.808571,15.195141,14.84252,14.586934,0,0,1,78.201076,14574.566029,421109.470293,16.0
RJ,19.06,9.06,625.0,4608.0,b'utilidades_domesticas',RJ,2018,176.216526,115.225,218.140768,38685.251429,10.016051,13.625,13.721701,0,0,0,26.352545,25382.367825,481297.418576,3.0
SP,176.65,16.75,2650.0,9009.0,b'cama_mesa_banho',SP,2017,143.552488,96.02,159.104475,19277.33,10.78094,14.0,10.36886,0,0,0,124.107471,16734.758816,254990.21744,2.0
SP,107.46,8.46,400.0,1008.0,b'informatica_acessorios',SP,2018,160.886411,96.225,188.980103,42481.727143,16.553122,17.215094,14.949342,0,0,1,18.776853,21744.63958,390767.341004,3.0
SP,53.95,10.96,200.0,1232.0,b'brinquedos',SP,2017,161.70807,116.275,175.243136,15074.481429,11.063914,11.771186,9.861342,0,0,0,39.25138,8895.344761,100733.911078,4.0
SP,100.35,8.8,300.0,1650.0,b'beleza_saude',SP,2018,158.525013,108.87,195.231916,47510.038571,8.647194,11.5,9.806023,0,0,0,93.489542,32515.505354,424423.205949,7.0
SP,292.37,22.38,2750.0,41496.0,b'brinquedos',RJ,2017,178.133991,100.96,234.07599,19868.252857,12.512774,17.666667,11.02144,0,0,0,608.76556,22471.067853,304388.330097,10.0
SP,114.18,14.28,800.0,13500.0,b'esporte_lazer',SP,2018,171.929424,115.57,214.804459,40475.608571,11.932128,21.1,13.721701,0,0,0,343.668513,30385.297969,481297.418576,7.0
SP,125.87,15.88,2200.0,15000.0,b'cama_mesa_banho',SP,2017,141.858571,101.14,135.827469,4337.804286,15.493842,17.947368,11.572975,0,0,1,220.047271,1981.509272,176081.63596,18.0
SP,115.45,15.46,1550.0,13950.0,b'brinquedos',RJ,2017,137.024716,96.09,131.926863,20708.981429,11.869676,14.416667,11.846389,0,0,1,371.725009,14912.369244,343516.704227,9.0
RJ,42.65,15.1,200.0,3640.0,b'esporte_lazer',SP,2017,158.44375,157.415,85.901293,17597.752857,10.40811,9.111111,12.847377,1,0,0,351.049609,6038.563721,250658.264608,7.0
SP,68.57,8.58,150.0,3744.0,b'informatica_acessorios',SP,2018,163.848397,113.585,212.072677,40895.157143,11.637926,10.354467,13.721701,0,0,0,7.592145,24067.293641,481297.418576,1.0
SP,428.02,36.22,2000.0,25200.0,b'informatica_acessorios',PR,2017,126.976941,106.69,93.34268,7835.056,12.272045,13.671233,9.861342,0,0,1,548.742278,5982.01225,100733.911078,13.0
SP,48.08,13.08,700.0,15750.0,b'cama_mesa_banho',SP,2017,151.02404,104.875,179.633941,20038.504286,12.845585,13.364238,11.846389,0,0,0,142.960634,23162.28642,343516.704227,14.0
SP,159.85,9.86,500.0,16302.0,b'beleza_saude',SP,2017,154.800058,101.25,218.899729,19871.62,10.783298,11.588517,10.36886,0,0,0,19.23963,6958.571248,254990.21744,1.0
SP,39.34,9.34,1050.0,17576.0,b'utilidades_domesticas',SP,2017,179.334182,110.98,264.49245,16561.954286,14.29952,12.28,13.725249,0,0,0,94.898422,12105.593152,117455.248491,7.0
SP,220.04,15.04,9750.0,12600.0,b'cama_mesa_banho',SP,2017,137.350864,102.03,142.883837,19853.525714,11.049738,10.53405,11.140125,0,0,1,111.628448,12498.003914,204408.639154,6.0
SP,530.16,16.26,3711.0,3060.0,b'relogios_presentes',SP,2018,159.301354,107.505,181.305805,47950.408571,7.718337,8.002833,9.806023,0,0,1,346.343651,21472.990148,424423.205949,5.0
SP,94.77,14.87,1383.0,20000.0,b'cama_mesa_banho',SP,2018,165.294933,123.16,160.011189,31556.324286,9.818917,16.222222,11.552505,0,0,0,305.561488,17932.598295,488209.852444,7.0
RJ,745.3,20.3,6084.0,64736.0,b'brinquedos',RJ,2018,163.708112,114.53,173.090469,41758.151429,16.571688,22.727273,14.949342,0,0,0,90.16011,21853.408932,390767.341004,6.0
SP,66.72,11.73,200.0,3960.0,b'beleza_saude',SP,2017,148.749213,87.73,229.50273,14232.024286,10.484476,10.91791,11.140125,0,0,0,23.836705,13990.689468,204408.639154,6.0
SP,88.37,9.37,650.0,11520.0,b'beleza_saude',SP,2017,157.713765,88.96,211.241204,26438.621429,13.64832,27.202128,11.02144,0,0,0,14.496142,7305.96905,304388.330097,4.0
SP,32.7,12.8,250.0,2560.0,b'cama_mesa_banho',SP,2018,149.347185,101.37,176.11617,43528.085714,11.26894,29.25,11.552505,0,0,0,183.064105,32055.217343,488209.852444,3.0
SP,58.15,13.65,968.0,2728.0,b'beleza_saude',PR,2018,179.383589,113.94,406.098785,47550.468571,7.676694,8.397849,9.806023,0,0,0,533.333835,21411.339348,424423.205949,7.0
SP,164.32,8.35,363.0,3042.0,b'relogios_presentes',SP,2018,222.885904,115.82,360.787072,35101.732857,10.107025,8.339041,11.552505,0,0,1,69.669874,4128.664229,488209.852444,9.0
SP,131.44,16.44,2550.0,20475.0,b'cama_mesa_banho',SP,2017,149.773496,106.83,164.994885,32158.368571,10.688338,8.804348,11.846389,0,0,0,397.606166,22102.810093,343516.704227,14.0
SP,36.75,11.85,350.0,4800.0,b'cama_mesa_banho',SP,2017,190.471984,99.935,351.80108,15092.271429,10.400873,10.700787,11.140125,0,0,1,310.857638,5052.911358,204408.639154,19.0
SP,45.36,15.56,400.0,2442.0,b'utilidades_domesticas',SP,2017,152.19459,91.58,154.751393,28463.374286,12.462581,10.128342,11.886244,0,0,1,15.802369,1719.061008,291113.407386,2.0
SP,104.31,9.41,1175.0,14326.0,b'cama_mesa_banho',SP,2018,157.501765,105.94,207.759447,44006.947143,7.686666,6.666667,9.806023,0,0,0,18.140036,32804.760617,424423.205949,3.0
SP,93.68,11.78,1350.0,5148.0,b'beleza_saude',SP,2018,134.585792,99.72,142.805066,27501.01,15.414838,13.453125,13.715038,0,0,1,7.353093,16852.639435,455464.133916,5.0
SP,176.08,17.08,1014.0,12100.0,b'esporte_lazer',RJ,2018,164.930623,102.53,194.374517,44901.941429,16.016806,16.722388,14.949342,0,0,0,336.172134,14537.171378,390767.341004,7.0
SP,65.7,33.8,650.0,9750.0,b'cama_mesa_banho',SP,2018,149.347185,101.37,176.11617,43528.085714,11.26894,29.25,11.552505,0,0,0,294.131481,32055.217343,488209.852444,8.0
SP,93.27,11.78,1200.0,3960.0,b'beleza_saude',SP,2017,170.369649,113.145,193.877875,25943.188571,11.107215,12.533333,11.846389,0,0,0,110.798373,11416.296326,343516.704227,5.0
SP,48.72,13.82,650.0,2400.0,b'cama_mesa_banho',SP,2018,169.637555,90.62,336.533038,38817.924286,8.834644,8.673591,9.806023,0,0,0,179.842558,21592.876477,424423.205949,7.0
SP,87.9,8.91,2584.0,56644.0,b'cama_mesa_banho',SP,2018,158.048392,101.285,225.238052,35918.457143,17.651711,15.890909,16.552935,0,0,0,19.11304,19321.393908,471112.176282,5.0
RJ,42.94,7.94,380.0,5832.0,b'brinquedos',RJ,2018,165.984118,106.25,181.951401,36270.518571,14.704864,14.776786,15.685915,1,0,0,30.171234,9663.133325,350875.393133,7.0
SP,110.42,15.42,450.0,2944.0,b'relogios_presentes',PR,2017,131.872,125.74,46.241985,22116.411429,13.238652,12.82716,11.886244,1,0,0,405.596801,5404.720872,291113.407386,10.0
RJ,193.72,54.72,6550.0,8000.0,b'informatica_acessorios',MG,2018,141.652491,102.28,137.813934,33514.647143,15.32623,14.967742,14.586934,0,0,0,243.306503,23264.385606,421109.470293,13.0
SP,169.87,17.97,4338.0,2856.0,b'relogios_presentes',SP,2018,211.847647,160.14,210.419599,36035.785714,14.989747,13.3,14.586934,1,0,0,313.900822,7021.780009,421109.470293,14.0
SP,115.05,10.15,1201.0,14300.0,b'esporte_lazer',SP,2018,159.175949,100.285,218.838038,36198.618571,14.846362,14.660256,15.685915,0,0,0,77.437915,20261.769786,350875.393133,1.0
SP,157.79,17.89,1200.0,9600.0,b'esporte_lazer',SP,2018,178.715612,119.54,213.451031,45414.22,16.076752,21.275862,14.949342,0,0,0,242.628588,18922.233675,390767.341004,6.0
RJ,44.1,14.11,700.0,4576.0,b'moveis_decoracao',SP,2017,160.011418,104.245,186.068829,9848.051429,11.79097,10.0,9.861342,0,0,0,359.291865,8958.387421,100733.911078,7.0
SP,395.17,50.17,10200.0,128728.0,b'moveis_decoracao',SP,2018,183.645132,124.19,259.221166,42959.005714,16.5656,15.478754,14.949342,0,0,1,10.091117,15620.689385,390767.341004,10.0
SP,31.77,7.78,100.0,4500.0,b'beleza_saude',SP,2017,153.787256,105.575,223.387256,21768.088333,10.356619,10.948571,10.36886,0,0,1,23.9238,9973.860249,254990.21744,6.0
RJ,214.71,74.71,9400.0,70875.0,b'moveis_decoracao',SP,2018,141.652491,102.28,137.813934,33514.647143,15.32623,14.967742,14.586934,0,0,0,574.639141,23264.385606,421109.470293,5.0
SP,67.47,12.48,900.0,27540.0,b'beleza_saude',SP,2017,171.001906,105.33,239.716305,38678.341429,10.413725,11.026756,11.723562,0,1,1,59.16441,16866.037058,343480.138209,5.0
SP,167.24,57.25,6550.0,8000.0,b'informatica_acessorios',MG,2018,198.723705,117.63,294.763925,39379.098571,11.438082,9.761733,13.721701,0,0,1,271.416435,18979.87422,481297.418576,11.0
SP,19.88,7.39,200.0,1020.0,b'beleza_saude',SP,2018,184.699545,109.8,317.347835,34763.917143,15.336118,15.470769,13.721701,0,0,0,43.199979,24595.375381,481297.418576,6.0
SP,64.62,12.7,700.0,4200.0,b'moveis_decoracao',SP,2017,95.77,95.77,0.0,18923.077143,10.658046,7.84375,10.36886,1,0,0,319.236984,4053.775857,254990.21744,6.0
SP,838.32,58.32,13150.0,72800.0,b'brinquedos',SP,2018,163.764188,108.9,213.609864,49372.958571,11.394114,9.16338,16.552935,0,0,1,367.856789,28540.149545,471112.176282,5.0
RJ,85.73,16.73,700.0,8736.0,b'esporte_lazer',SP,2018,157.928959,116.13,173.376005,36507.037143,13.563282,13.118033,13.715038,0,0,1,351.995243,19133.855655,455464.133916,11.0
SP,42.77,7.78,200.0,4500.0,b'beleza_saude',SP,2017,176.670308,98.32,261.153996,21242.365714,12.645841,11.412017,11.02144,0,0,0,13.235462,11059.024228,304388.330097,5.0
RJ,110.7,42.72,4050.0,17280.0,b'utilidades_domesticas',SP,2017,158.053911,102.305,174.920883,32450.058571,10.548577,11.257813,11.846389,0,0,0,355.32025,12662.738601,343516.704227,12.0
RJ,68.38,13.38,185.0,2688.0,b'beleza_saude',RJ,2018,168.326011,101.18,236.567079,47381.472857,14.236961,13.421622,16.552935,0,0,0,157.413984,20328.449557,471112.176282,8.0
SP,105.73,15.74,1650.0,15000.0,b'cama_mesa_banho',SP,2017,133.527407,95.67,156.214658,10359.928571,13.033244,12.693333,9.861342,0,0,0,277.014818,8054.595458,100733.911078,12.0
SP,265.04,15.14,1538.0,27900.0,b'brinquedos',SP,2017,120.173333,129.79,56.727381,19868.865714,10.469906,9.1875,11.140125,1,0,0,42.676678,3475.184066,204408.639154,1.0
SP,50.27,7.78,600.0,8008.0,b'beleza_saude',SP,2018,136.765915,101.56,126.629519,28296.715714,20.789405,27.423077,13.715038,0,0,0,155.883323,17579.308118,455464.133916,3.0
SP,33.33,8.34,499.0,23562.0,b'brinquedos',SP,2018,150.651993,112.535,148.282412,37537.504286,9.838063,10.022727,13.721701,0,0,0,33.060998,16495.951326,481297.418576,2.0
RJ,196.14,16.14,450.0,4032.0,b'moveis_decoracao',SP,2018,175.83511,106.78,321.117563,37893.29,17.668932,13.517544,16.552935,0,0,1,355.185154,23446.588699,471112.176282,9.0
SP,202.46,22.56,2175.0,18630.0,b'esporte_lazer',PR,2018,182.363333,197.58,145.941184,42215.187143,7.725264,5.880435,9.806023,1,0,0,341.251318,14192.500276,424423.205949,2.0
SP,96.35,18.35,2250.0,24570.0,b'utilidades_domesticas',MG,2018,138.530591,95.6,148.197692,32871.54,9.871739,8.802198,11.552505,0,0,1,481.052297,18888.717244,488209.852444,3.0
SP,131.16,18.26,1525.0,14448.0,b'beleza_saude',SP,2018,167.163844,113.93,192.128,41479.312857,15.670482,13.37766,14.949342,0,0,0,42.955181,15869.929561,390767.341004,7.0
SP,69.73,12.74,1400.0,2560.0,b'cama_mesa_banho',SP,2017,158.44375,157.415,85.901293,17597.752857,10.40811,9.111111,12.847377,1,0,0,121.417403,6038.563721,250658.264608,10.0
SP,69.33,9.34,950.0,17500.0,b'beleza_saude',SP,2018,152.63552,105.65,194.343337,33442.954286,19.473729,17.712538,13.715038,0,0,0,22.001661,12993.647155,455464.133916,8.0
RJ,50.83,19.84,1600.0,17576.0,b'esporte_lazer',SP,2017,150.137486,107.78,163.713417,21492.578333,10.224528,10.427746,10.36886,0,0,0,354.623147,11560.640222,254990.21744,18.0
SP,405.72,26.92,1780.0,19200.0,b'informatica_acessorios',PR,2017,151.829279,86.64,237.975352,36206.628571,10.13737,8.344262,11.723562,0,1,0,536.819249,32567.514368,343480.138209,5.0
SP,120.73,14.83,1225.0,19950.0,b'cama_mesa_banho',SP,2018,141.652491,102.28,137.813934,33514.647143,15.32623,14.967742,14.586934,0,0,0,121.478228,23264.385606,421109.470293,9.0
SP,614.4,15.4,2400.0,5760.0,b'beleza_saude',SP,2018,148.995785,117.85,144.993714,36310.987143,12.890789,12.5,15.685915,0,0,1,22.128355,18047.308546,350875.393133,5.0
SP,150.17,12.17,4867.0,56000.0,b'cama_mesa_banho',SP,2018,225.2675,91.795,299.015874,31722.644286,16.966953,16.553191,13.715038,1,0,0,136.575802,2425.737412,455464.133916,4.0
SP,339.74,69.75,20800.0,103680.0,b'brinquedos',SP,2018,168.326011,101.18,236.567079,47381.472857,14.236961,13.421622,16.552935,0,0,0,320.855439,20328.449557,471112.176282,6.0
SP,292.39,14.39,363.0,3042.0,b'relogios_presentes',SP,2018,175.83511,106.78,321.117563,37893.29,17.668932,13.517544,16.552935,0,0,1,297.588784,23446.588699,471112.176282,9.0
SP,33.71,12.81,150.0,2604.0,b'informatica_acessorios',SP,2018,180.801136,106.52,258.715647,46441.64,8.689855,8.918421,9.806023,0,0,0,128.791994,21337.548206,424423.205949,4.0
SP,47.51,10.02,200.0,3640.0,b'esporte_lazer',SP,2018,143.215217,100.22,136.419341,32738.215714,14.266896,14.619632,14.586934,0,0,0,56.353079,17421.242323,421109.470293,6.0
SP,149.56,16.56,584.0,2288.0,b'relogios_presentes',SP,2017,203.873264,118.045,283.886413,26608.711667,12.017234,11.283333,11.846389,0,0,1,301.688218,9235.93388,343516.704227,9.0
SP,89.19,9.29,950.0,3168.0,b'cama_mesa_banho',SP,2018,148.955899,93.83,183.923164,30373.777143,15.774381,16.109929,14.586934,0,0,1,139.934465,14326.724768,421109.470293,3.0
SP,56.63,11.73,1500.0,39375.0,b'utilidades_domesticas',SP,2017,172.738932,96.035,251.068149,22978.16,11.424355,11.114286,11.886244,0,0,0,78.751284,18610.942749,291113.407386,16.0
SP,70.41,13.42,2300.0,17457.0,b'beleza_saude',SP,2017,173.482805,101.41,325.26674,19580.775714,13.620073,12.964467,13.725249,0,0,0,245.880959,11529.37969,117455.248491,11.0
SP,133.46,14.56,1300.0,5544.0,b'beleza_saude',PR,2017,177.796267,106.16,277.977632,23304.957143,11.806908,13.0,11.846389,0,0,0,415.178186,16648.603912,343516.704227,13.0
SP,41.75,11.85,250.0,1200.0,b'beleza_saude',SP,2017,154.924854,99.725,189.887078,39168.767143,11.443648,10.264706,11.723562,0,1,0,80.545203,31263.421494,343480.138209,5.0
RJ,88.45,19.45,900.0,12432.0,b'cama_mesa_banho',SP,2018,184.699545,109.8,317.347835,34763.917143,15.336118,15.470769,13.721701,0,0,0,558.957114,24595.375381,481297.418576,10.0
SP,146.16,47.22,1800.0,34992.0,b'beleza_saude',SP,2018,211.847647,160.14,210.419599,36035.785714,14.989747,13.3,14.586934,1,0,0,42.829367,7021.780009,421109.470293,1.0
SP,56.78,7.78,400.0,640.0,b'relogios_presentes',SP,2017,156.845627,111.02,176.782744,40650.198571,14.660276,15.557632,11.723562,0,1,1,67.716281,13579.811047,343480.138209,5.0
SP,34.42,14.52,200.0,2340.0,b'informatica_acessorios',MG,2017,215.008235,159.94,313.686851,9770.188,13.520838,12.650602,9.861342,0,0,1,485.437238,119.116851,100733.911078,4.0
SP,35.59,8.29,800.0,4608.0,b'beleza_saude',SP,2018,168.727411,104.85,262.690283,36702.774286,15.843978,22.25,14.949342,0,0,0,120.718337,29743.23519,390767.341004,1.0
SP,57.5,11.85,200.0,2112.0,b'informatica_acessorios',SP,2017,126.495,107.48,94.892205,30153.948571,10.910082,10.026087,11.846389,1,0,0,205.444697,8146.368744,343516.704227,3.0
SP,680.96,283.16,42600.0,250000.0,b'moveis_decoracao',MG,2018,168.608852,109.86,180.532999,39862.248571,8.995483,8.278997,9.806023,0,0,1,366.426629,19790.994534,424423.205949,7.0
SP,86.99,14.09,750.0,4800.0,b'cama_mesa_banho',SP,2018,206.279143,118.03,324.511544,42628.695714,7.562918,7.551205,11.552505,0,0,1,332.605233,2141.11371,488209.852444,6.0
SP,225.88,26.08,3200.0,9000.0,b'cama_mesa_banho',SP,2017,152.045871,92.67,217.085211,26233.63,11.833202,11.265306,11.846389,0,0,1,121.478228,15763.012739,343516.704227,18.0
SP,177.75,16.76,2250.0,21000.0,b'cama_mesa_banho',SP,2018,159.175949,100.285,218.838038,36198.618571,14.846362,14.660256,15.685915,0,0,0,275.311911,20261.769786,350875.393133,18.0
SP,69.64,12.74,900.0,4200.0,b'moveis_decoracao',SP,2018,134.585792,99.72,142.805066,27501.01,15.414838,13.453125,13.715038,0,0,1,311.532942,16852.639435,455464.133916,9.0
SP,46.75,11.85,500.0,1200.0,b'informatica_acessorios',SP,2017,219.488889,106.805,345.413735,27193.461429,11.561738,10.369565,11.02144,1,0,0,383.333748,6110.978959,304388.330097,6.0
SP,47.37,18.37,9350.0,56000.0,b'utilidades_domesticas',SP,2018,153.49,103.895,174.533391,34391.242857,9.921734,9.686667,11.552505,0,0,0,91.423383,22637.657096,488209.852444,1.0
SP,74.03,14.13,7000.0,32994.0,b'utilidades_domesticas',SP,2017,157.006923,97.9,305.147476,17777.727143,11.923112,12.414966,12.847377,0,0,0,51.58611,6638.448098,250658.264608,4.0
SP,38.17,8.27,300.0,18711.0,b'esporte_lazer',SP,2017,143.552488,96.02,159.104475,19277.33,10.78094,14.0,10.36886,0,0,0,74.344193,16734.758816,254990.21744,2.0
SP,114.69,15.79,400.0,5508.0,b'esporte_lazer',PR,2018,179.383589,113.94,406.098785,47550.468571,7.676694,8.397849,9.806023,0,0,0,336.395024,21411.339348,424423.205949,6.0
SP,357.75,36.75,1050.0,14739.0,b'esporte_lazer',SP,2018,134.585792,99.72,142.805066,27501.01,15.414838,13.453125,13.715038,0,0,1,292.501319,16852.639435,455464.133916,5.0
SP,84.59,34.69,22200.0,102144.0,b'cama_mesa_banho',SP,2017,170.919272,117.6,172.799682,18785.982857,12.902686,12.0,11.846389,0,0,0,36.827281,9623.066166,343516.704227,2.0
RJ,106.6,16.6,5300.0,32000.0,b'moveis_decoracao',SP,2018,211.847647,160.14,210.419599,36035.785714,14.989747,13.3,14.586934,1,0,0,346.196005,7021.780009,421109.470293,4.0
SP,31.75,11.85,200.0,2560.0,b'cama_mesa_banho',SP,2018,148.64318,106.19,174.641653,34256.702857,20.150936,18.813725,13.715038,0,0,0,118.22361,12107.374477,455464.133916,7.0
SP,56.8,11.85,250.0,5566.0,b'brinquedos',SP,2017,196.174615,96.94,216.190891,22882.27,11.627508,10.918919,13.725249,1,0,0,221.776327,11356.680854,117455.248491,4.0
SP,239.45,19.46,600.0,42000.0,b'beleza_saude',SP,2017,169.718148,143.12,187.171627,19466.43,11.131926,11.42446,12.847377,0,0,1,14.961095,0.0,250658.264608,1.0
SP,248.91,29.91,10700.0,88000.0,b'moveis_decoracao',SP,2017,256.43,256.43,0.0,26292.154286,10.763484,9.803922,11.886244,1,0,0,28.580877,5112.176477,291113.407386,8.0
RJ,265.49,15.5,433.0,5800.0,b'beleza_saude',SP,2017,188.397236,113.82,325.686075,16150.611429,10.117619,9.849206,11.140125,0,0,1,337.777652,4239.83957,204408.639154,9.0
SP,185.96,25.96,3850.0,18000.0,b'cama_mesa_banho',PR,2017,154.255893,101.8,196.326533,28541.915714,11.778019,15.714286,11.886244,0,0,0,794.800059,16836.765652,291113.407386,7.0
SP,56.78,7.78,250.0,640.0,b'relogios_presentes',SP,2017,151.948303,102.48,209.544526,38980.917143,13.548313,11.819149,11.723562,0,1,0,8.516023,26289.022684,343480.138209,1.0
RJ,153.32,34.32,2800.0,12900.0,b'cama_mesa_banho',MG,2017,242.195556,106.03,241.862493,1882.566667,7.271528,7.5625,51.5,0,0,0,259.954313,3644.06568,0.0,18.0
SP,89.01,14.17,1450.0,11520.0,b'moveis_decoracao',MG,2018,182.13625,139.795,177.899632,29850.881429,13.875819,15.172043,13.715038,1,0,0,137.751067,5745.475222,455464.133916,12.0
SP,68.89,11.9,850.0,18000.0,b'cama_mesa_banho',SP,2017,150.977421,105.37,174.569529,25622.235714,13.622736,11.401235,11.02144,0,0,1,163.573541,10504.001707,304388.330097,6.0
SP,60.73,11.73,4800.0,30492.0,b'utilidades_domesticas',SP,2017,163.917576,108.19,190.381784,20326.218571,11.148958,10.428571,12.847377,0,0,0,72.355328,8732.784328,250658.264608,4.0
SP,119.66,13.76,835.0,11880.0,b'cama_mesa_banho',SP,2017,130.07,130.07,145.635713,15547.707143,10.002691,10.565217,11.140125,1,0,0,306.969006,3589.955072,204408.639154,7.0
SP,98.98,8.98,3500.0,32000.0,b'moveis_decoracao',SP,2018,143.521038,96.695,145.719583,34726.502857,15.223332,17.168498,14.586934,0,0,0,105.220753,20957.62326,421109.470293,2.0
SP,84.78,14.78,1200.0,28000.0,b'moveis_decoracao',SP,2018,158.947276,111.31,185.219078,36466.665714,15.031157,15.204403,14.586934,0,0,0,8.50709,12716.33219,421109.470293,4.0
SP,103.92,9.02,600.0,7980.0,b'cama_mesa_banho',SP,2018,184.699545,109.8,317.347835,34763.917143,15.336118,15.470769,13.721701,0,0,0,31.763327,24595.375381,481297.418576,4.0
SP,41.36,7.87,105.0,8000.0,b'esporte_lazer',SP,2018,156.299831,109.38,187.703964,47349.655714,10.564134,10.473318,16.552935,0,0,0,140.221337,23543.879655,471112.176282,2.0
RJ,75.89,17.99,5350.0,32000.0,b'cama_mesa_banho',SP,2018,169.506486,119.65,162.104193,14913.82,15.047248,12.696078,13.721701,1,0,0,327.613994,10228.929976,481297.418576,9.0
SP,335.47,10.47,400.0,2992.0,b'beleza_saude',SP,2018,136.809776,104.06,120.459687,36824.557143,12.957319,13.617555,15.685915,0,0,0,42.919911,16562.401382,350875.393133,3.0
SP,87.52,17.62,2500.0,2420.0,b'esporte_lazer',SP,2018,123.496,82.665,96.343665,45807.75,14.311568,15.68932,13.721701,1,0,0,226.7198,9339.364683,481297.418576,5.0
SP,43.62,8.72,600.0,12167.0,b'esporte_lazer',SP,2017,178.518043,107.94,227.957735,26834.117143,11.926817,10.758824,11.02144,0,0,1,79.580433,1415.038738,304388.330097,3.0
SP,108.26,14.26,16550.0,57200.0,b'utilidades_domesticas',SP,2018,150.340792,102.1,182.147188,32152.238571,13.564187,14.916667,13.715038,0,0,0,22.601987,24705.299123,455464.133916,7.0
SP,37.9,14.1,260.0,6720.0,b'esporte_lazer',MG,2017,139.386022,105.465,134.702904,39186.131429,11.711788,12.902913,11.723562,0,1,0,515.596616,28913.130361,343480.138209,16.0
SP,48.71,8.72,450.0,7500.0,b'moveis_decoracao',SP,2017,188.397236,113.82,325.686075,16150.611429,10.117619,9.849206,11.140125,0,0,1,30.882454,4239.83957,204408.639154,5.0
SP,128.85,18.85,3500.0,18900.0,b'beleza_saude',SP,2018,201.194078,128.2,293.978109,46350.867143,14.427591,14.036254,13.721701,0,0,1,289.188224,4495.94406,481297.418576,5.0
SP,181.24,29.24,5400.0,13200.0,b'cama_mesa_banho',SP,2018,169.506486,119.65,162.104193,14913.82,15.047248,12.696078,13.721701,1,0,0,149.430313,10228.929976,481297.418576,4.0
SP,117.47,9.57,683.0,3780.0,b'beleza_saude',SP,2018,112.55,108.0,64.17196,33163.796667,16.982157,16.085366,13.715038,1,0,0,9.812124,0.0,455464.133916,6.0
SP,214.9,19.25,250.0,2160.0,b'beleza_saude',RJ,2018,129.624286,124.02,33.268779,11724.394286,18.554286,17.131579,13.721701,0,0,1,390.811746,4022.057178,481297.418576,7.0
SP,62.64,14.65,1150.0,9990.0,b'cama_mesa_banho',SP,2018,98.033333,111.52,47.498752,34814.592857,9.487977,8.650602,11.552505,1,0,0,309.225356,4514.490619,488209.852444,9.0
RJ,76.36,19.37,825.0,18000.0,b'cama_mesa_banho',SP,2018,167.163844,113.93,192.128,41479.312857,15.670482,13.37766,14.949342,0,0,0,595.829487,15869.929561,390767.341004,6.0
SP,287.42,17.52,6050.0,36000.0,b'cama_mesa_banho',SP,2017,154.924854,99.725,189.887078,39168.767143,11.443648,10.264706,11.723562,0,1,0,295.417707,31263.421494,343480.138209,14.0
RJ,254.66,36.68,6610.0,70200.0,b'cama_mesa_banho',SP,2018,148.202583,107.155,148.883101,45667.235714,13.69657,11.316568,16.552935,0,0,1,349.397092,18884.627553,471112.176282,5.0
SP,55.86,12.96,100.0,1056.0,b'esporte_lazer',SP,2018,183.651897,92.815,380.231493,31876.291429,9.180096,11.166667,11.552505,0,0,0,101.155722,3124.824541,488209.852444,5.0
SP,157.6,11.65,2000.0,5760.0,b'beleza_saude',SP,2018,164.788226,103.74,199.431178,32662.537143,15.240325,14.240602,14.586934,1,0,0,53.236507,8434.286152,421109.470293,9.0
SP,66.01,16.11,350.0,1750.0,b'moveis_decoracao',PR,2018,154.187643,93.755,182.447116,29990.152857,15.977013,14.635965,13.715038,0,0,0,622.945407,11682.603187,455464.133916,12.0
SP,46.59,12.69,450.0,4800.0,b'cama_mesa_banho',SP,2017,170.919272,117.6,172.799682,18785.982857,12.902686,12.0,11.846389,0,0,0,104.417759,9623.066166,343516.704227,9.0
SP,92.12,13.13,800.0,7500.0,b'cama_mesa_banho',SP,2017,156.88898,98.415,188.706926,12938.635714,11.240543,11.30303,9.861342,0,0,1,292.268179,9137.104943,100733.911078,10.0
SP,60.95,10.96,200.0,1344.0,b'informatica_acessorios',SP,2017,166.874242,107.27,146.964507,2699.956667,7.346275,8.5,51.5,0,0,1,43.317792,2632.489855,0.0,6.0
SP,178.59,13.59,335.0,2992.0,b'relogios_presentes',SP,2018,148.955899,93.83,183.923164,30373.777143,15.774381,16.109929,14.586934,0,0,1,211.302677,14326.724768,421109.470293,11.0
RJ,131.78,16.78,3305.0,35100.0,b'cama_mesa_banho',SP,2018,143.521038,96.695,145.719583,34726.502857,15.223332,17.168498,14.586934,0,0,0,326.821214,20957.62326,421109.470293,15.0
SP,105.66,13.66,1550.0,20944.0,b'cama_mesa_banho',SP,2018,150.203391,106.62,166.113421,31386.824286,13.612885,14.741228,15.685915,0,0,1,292.631473,14253.801846,350875.393133,10.0
SP,112.61,13.71,173.0,2808.0,b'informatica_acessorios',PR,2017,149.773496,106.83,164.994885,32158.368571,10.688338,8.804348,11.846389,0,0,0,532.637147,22102.810093,343516.704227,9.0
SP,38.72,8.72,125.0,1890.0,b'informatica_acessorios',SP,2017,237.752143,155.17,217.990196,9886.454286,13.859306,12.666667,11.572975,0,0,0,20.846944,914.282225,176081.63596,7.0
SP,175.28,20.28,6350.0,27500.0,b'brinquedos',MG,2018,104.07,104.07,0.0,8580.56,8.470916,7.61039,11.552505,1,0,0,467.027886,8704.073599,488209.852444,8.0
SP,71.17,21.18,1600.0,17500.0,b'beleza_saude',SP,2017,161.020773,106.88,171.162854,20390.372857,11.358026,11.899329,11.886244,0,0,1,94.681987,13664.511753,291113.407386,5.0
SP,96.62,11.62,1110.0,7200.0,b'utilidades_domesticas',SP,2018,172.702007,107.51,294.956302,41207.587143,13.191512,11.326389,13.721701,0,0,0,17.476194,16891.79703,481297.418576,7.0
SP,102.03,12.13,1383.0,20000.0,b'cama_mesa_banho',SP,2017,150.061892,110.98,101.733584,22661.301429,11.133003,10.572289,13.725249,0,0,1,311.596491,1117.354306,117455.248491,7.0
RJ,40.52,14.52,250.0,2240.0,b'cama_mesa_banho',SP,2017,0.0,0.0,0.0,0.0,0.0,0.0,0.0,0,0,0,424.743938,885.370612,100733.911078,5.0
RJ,99.43,19.53,1100.0,12600.0,b'cama_mesa_banho',SP,2018,154.011724,106.0,154.858919,44909.605714,15.956102,14.991304,14.949342,1,0,0,726.205247,5666.869626,390767.341004,16.0
RJ,169.32,9.33,1267.0,5320.0,b'beleza_saude',RJ,2017,146.153988,102.64,200.067863,22435.054286,10.953713,10.279412,11.02144,0,0,1,27.712487,9253.855884,304388.330097,5.0
SP,1226.18,26.28,350.0,2912.0,b'relogios_presentes',RJ,2018,152.055682,94.5,196.762668,32828.608571,14.565722,15.893993,14.586934,0,0,1,452.200127,13016.56679,421109.470293,18.0
SP,209.86,9.96,337.0,2704.0,b'relogios_presentes',SP,2017,139.386022,105.465,134.702904,39186.131429,11.711788,12.902913,11.723562,0,1,0,72.152217,28913.130361,343480.138209,5.0
SP,150.37,20.47,4400.0,8000.0,b'esporte_lazer',SP,2018,169.637555,90.62,336.533038,38817.924286,8.834644,8.673591,9.806023,0,0,0,226.7198,21592.876477,424423.205949,7.0
SP,82.78,7.78,200.0,2992.0,b'brinquedos',SP,2017,176.670308,98.32,261.153996,21242.365714,12.645841,11.412017,11.02144,0,0,0,16.733078,11059.024228,304388.330097,12.0
SP,59.34,11.85,350.0,1260.0,b'beleza_saude',SP,2017,153.581691,112.12,158.976452,36921.561667,16.204182,16.231746,11.723562,0,1,0,307.232544,19136.037762,343480.138209,20.0
SP,165.96,26.16,5200.0,30000.0,b'moveis_decoracao',SP,2018,148.135545,101.93,184.283167,36682.812857,14.754947,15.039216,15.685915,0,0,0,17.605565,32217.267503,350875.393133,3.0
SP,209.2,12.4,1650.0,28175.0,b'moveis_decoracao',SP,2018,157.728646,117.79,184.352327,14877.707143,8.531697,3.0,11.552505,0,0,0,17.00474,28308.196726,488209.852444,3.0
SP,51.57,7.57,250.0,640.0,b'relogios_presentes',SP,2018,183.830466,112.61,316.135736,42949.447143,11.135274,8.755556,9.806023,0,0,0,10.166873,16157.10594,424423.205949,1.0
SP,106.74,26.74,1800.0,13224.0,b'cama_mesa_banho',SP,2017,108.3945,69.495,85.312888,13553.8,10.671621,11.311258,12.847377,0,0,1,236.62403,770.110254,250658.264608,7.0
SP,36.39,7.39,200.0,352.0,b'relogios_presentes',SP,2018,154.851445,113.05,178.839639,47455.257143,11.913726,10.784,16.552935,0,0,0,22.145011,22895.284932,471112.176282,4.0
SP,112.09,12.19,1050.0,14440.0,b'cama_mesa_banho',SP,2018,171.929424,115.57,214.804459,40475.608571,11.932128,21.1,13.721701,0,0,0,152.241761,30385.297969,481297.418576,14.0
SP,99.34,9.44,2200.0,11968.0,b'moveis_decoracao',SP,2017,161.018235,113.005,175.509645,20934.235714,11.035022,10.123223,10.36886,0,0,1,80.75307,1310.099646,254990.21744,2.0
